Por.;Priezvisko;Meno;Narodenie;Reg. č.;E-mail;Termín;Čas;Dátum;Miestnosť;Program;
1;Adamec;Matúš;30. 01. 2007;0743/728;matusadamec8@gmail.com;bc300 (BA-FEI-FEI B-C) - 29.04.2026, 10:00;10:00;29.04.2026;bc300 (BA-FEI-FEI B-C);B-API;
2;Adamec;Tomáš;02. 02. 2007;1005/728;tomasadamec423@gmail.com;bc300 (BA-FEI-FEI B-C) - 29.04.2026, 10:00;10:00;29.04.2026;bc300 (BA-FEI-FEI B-C);B-API;
3;Adamovych;Daria;19. 03. 2008;0217/728;dasha.adamovich191@gmail.com;de300 (BA-FEI-FEI D-E) - 29.04.2026, 14:00;14:00;29.04.2026;de300 (BA-FEI-FEI D-E);B-DT;
4;Afanasiev;Maksym;11. 03. 2009;0001/728;maksym.afanasiev@kabinet.website;bc300 (BA-FEI-FEI B-C) - 29.04.2026, 10:00;10:00;29.04.2026;bc300 (BA-FEI-FEI B-C);B-API;
5;Ahafonov;Maksym;14. 09. 2008;1082/728;maxim.agafonoff@gmail.com;bc300 (BA-FEI-FEI B-C) - 29.04.2026, 14:00;14:00;29.04.2026;bc300 (BA-FEI-FEI B-C);B-RK;
6;Akhmetova;Alina;20. 12. 2006;0682/728;alinaakhmetovask@gmail.com;bc300 (BA-FEI-FEI B-C) - 29.04.2026, 10:00;10:00;29.04.2026;bc300 (BA-FEI-FEI B-C);B-API;
7;Alali;Rand;01. 06. 2006;0744/728;randalali1234@gmail.com;bc300 (BA-FEI-FEI B-C) - 29.04.2026, 10:00;10:00;29.04.2026;bc300 (BA-FEI-FEI B-C);B-API;
8;Angyal;Szilárd;26. 10. 2006;1006/728;szilardangyal1@gmail.com;bc300 (BA-FEI-FEI B-C) - 29.04.2026, 14:00;14:00;29.04.2026;bc300 (BA-FEI-FEI B-C);B-RK;
9;Apolonin;Yaroslav;07. 06. 2009;0002/728;apolonin.yaroslav@leostudy.org;bc300 (BA-FEI-FEI B-C) - 29.04.2026, 10:00;10:00;29.04.2026;bc300 (BA-FEI-FEI B-C);B-API;
10;Arendáčová;Alica;17. 03. 2007;0003/728;aliare781@gmail.com;bc300 (BA-FEI-FEI B-C) - 29.04.2026, 10:00;10:00;29.04.2026;bc300 (BA-FEI-FEI B-C);B-API;
11;Assad;Alexander;28. 01. 2007;0005/728;alexanderassad7@gmail.com;bc300 (BA-FEI-FEI B-C) - 29.04.2026, 10:00;10:00;29.04.2026;bc300 (BA-FEI-FEI B-C);B-API;
12;Aufricht;Oliver;30. 08. 2006;0683/728;olvraufr@protonmail.com;bc300 (BA-FEI-FEI B-C) - 29.04.2026, 10:00;10:00;29.04.2026;bc300 (BA-FEI-FEI B-C);B-API;
13;Augustín;Alexander;15. 08. 2006;0807/728;sanko.augustin@gmail.com;de300 (BA-FEI-FEI D-E) - 30.04.2026, 12:00;12:00;30.04.2026;de300 (BA-FEI-FEI D-E);B-ESNC;
14;Avgoustis;Aris;31. 01. 2007;0006/728;aavgoustis@aavgoustis.net;bc300 (BA-FEI-FEI B-C) - 29.04.2026, 10:00;10:00;29.04.2026;bc300 (BA-FEI-FEI B-C);B-API;
15;Ažaltovič;Marek;29. 05. 2006;1386/728;marek.azaltovic@gmail.com;bc300 (BA-FEI-FEI B-C) - 29.04.2026, 14:00;14:00;29.04.2026;bc300 (BA-FEI-FEI B-C);B-RK;
16;Babala;Martin;24. 09. 2004;1083/728;martinbabala@gmail.com;bc300 (BA-FEI-FEI B-C) - 29.04.2026, 10:00;10:00;29.04.2026;bc300 (BA-FEI-FEI B-C);B-API;
17;Babala;Michal;19. 10. 2006;1007/728;michal.babala.06@gmail.com;bc300 (BA-FEI-FEI B-C) - 29.04.2026, 10:00;10:00;29.04.2026;bc300 (BA-FEI-FEI B-C);B-API;
18;Babčan;Simon;15. 08. 2007;0808/728;babcan.simon@gmail.com;bc300 (BA-FEI-FEI B-C) - 29.04.2026, 14:00;14:00;29.04.2026;bc300 (BA-FEI-FEI B-C);B-RK;
19;Babic;Matej;26. 03. 2007;0007/728;matkobabicko@gmail.com;bc150 (BA-FEI-FEI B-C) - 29.04.2026, 12:00;12:00;29.04.2026;bc150 (BA-FEI-FEI B-C);B-API;špecifické potreby
20;Bagin;Martin;29. 12. 2006;1084/728;martinbagin19@gmail.com;bc300 (BA-FEI-FEI B-C) - 29.04.2026, 14:00;14:00;29.04.2026;bc300 (BA-FEI-FEI B-C);B-RK;
21;Bahnová;Gréta;19. 03. 2008;0745/728;gretabahnova@gmail.com;bc300 (BA-FEI-FEI B-C) - 29.04.2026, 10:00;10:00;29.04.2026;bc300 (BA-FEI-FEI B-C);B-API;
22;Bajla;Matej;08. 06. 2007;0449/728;bajlamatej@gmail.com;bc300 (BA-FEI-FEI B-C) - 29.04.2026, 14:00;14:00;29.04.2026;bc300 (BA-FEI-FEI B-C);B-RK;
23;Bakoš;Matúš;06. 07. 2007;0008/728;mat.bakos@gmail.com;bc300 (BA-FEI-FEI B-C) - 29.04.2026, 10:00;10:00;29.04.2026;bc300 (BA-FEI-FEI B-C);B-API;
24;Balara;Richard;04. 07. 2007;0514/728;risobalara@gmail.com;bc300 (BA-FEI-FEI B-C) - 29.04.2026, 14:00;14:00;29.04.2026;bc300 (BA-FEI-FEI B-C);B-RK;
25;Balta;Ivan;21. 04. 2008;0684/728;baltavan@gmail.com;de300 (BA-FEI-FEI D-E) - 29.04.2026, 14:00;14:00;29.04.2026;de300 (BA-FEI-FEI D-E);B-DT;
26;Baraban;Nazar;29. 10. 2001;0614/728;nazar.baraban2001@ukr.net;bc300 (BA-FEI-FEI B-C) - 29.04.2026, 10:00;10:00;29.04.2026;bc300 (BA-FEI-FEI B-C);B-API;
27;Baránek;Sebastián;11. 07. 2006;1008/728;sebastian2006baranek@gmail.com;de300 (BA-FEI-FEI D-E) - 29.04.2026, 14:00;14:00;29.04.2026;de300 (BA-FEI-FEI D-E);B-DT;
28;Baraník;Martin;14. 06. 2007;0136/728;m.baranik07@gmail.com;bc300 (BA-FEI-FEI B-C) - 29.04.2026, 14:00;14:00;29.04.2026;bc300 (BA-FEI-FEI B-C);B-RK;
29;Barát;Nino;18. 09. 2004;0746/728;ninobarat7@gmail.com;bc300 (BA-FEI-FEI B-C) - 29.04.2026, 14:00;14:00;29.04.2026;bc300 (BA-FEI-FEI B-C);B-RK;
30;Bárczyová;Daniela;08. 03. 2007;0009/728;barczyovadanielka@gmail.com;bc300 (BA-FEI-FEI B-C) - 29.04.2026, 10:00;10:00;29.04.2026;bc300 (BA-FEI-FEI B-C);B-API;
31;Barok;Robert;20. 07. 2007;0685/728;barok.robert1234@gmail.com;de300 (BA-FEI-FEI D-E) - 30.04.2026, 12:00;12:00;30.04.2026;de300 (BA-FEI-FEI D-E);B-ESNC;
32;Baroš;Patrik;12. 12. 2006;0747/728;patrikbaros1212@gmail.com;bc300 (BA-FEI-FEI B-C) - 29.04.2026, 10:00;10:00;29.04.2026;bc300 (BA-FEI-FEI B-C);B-API;
33;Baroš;Patrik;13. 06. 2007;0218/728;patrik.baros07@gmail.com;de300 (BA-FEI-FEI D-E) - 29.04.2026, 14:00;14:00;29.04.2026;de300 (BA-FEI-FEI D-E);B-DT;
34;Bartko;Martin;29. 03. 2006;1243/728;bartko.martin.mb@gmail.com;de300 (BA-FEI-FEI D-E) - 30.04.2026, 12:00;12:00;30.04.2026;de300 (BA-FEI-FEI D-E);B-ESNC;
35;Baška;Gabriel;12. 09. 2005;1085/728;gabriel.baska@gmail.com;bc300 (BA-FEI-FEI B-C) - 29.04.2026, 14:00;14:00;29.04.2026;bc300 (BA-FEI-FEI B-C);B-RK;
36;Belousov;Nikita;30. 05. 2006;0564/728;nikitabelousov941@gmail.com;bc300 (BA-FEI-FEI B-C) - 29.04.2026, 10:00;10:00;29.04.2026;bc300 (BA-FEI-FEI B-C);B-API;
37;Benč;Kristián;28. 09. 2004;0179/728;kristianbenc@outlook.com;cd300 (BA-FEI-FEI C-D) - 30.04.2026, 12:00;12:00;30.04.2026;cd300 (BA-FEI-FEI C-D);B-IKT;
38;Bergmann;Mathias;29. 07. 2007;1086/728;mathias.bergmann29@gmail.com;bc300 (BA-FEI-FEI B-C) - 29.04.2026, 14:00;14:00;29.04.2026;bc300 (BA-FEI-FEI B-C);B-RK;
39;Berko;Anton;26. 09. 2008;1009/728;berko.anton@slovakia2000.vinnica.ua;bc300 (BA-FEI-FEI B-C) - 29.04.2026, 10:00;10:00;29.04.2026;bc300 (BA-FEI-FEI B-C);B-API;
40;Bezák;Adam;06. 12. 2001;0401/728;bezak.adam@proton.me;de300 (BA-FEI-FEI D-E) - 29.04.2026, 14:00;14:00;29.04.2026;de300 (BA-FEI-FEI D-E);B-DT;
41;Bičár;Marek;18. 08. 2006;0180/728;marek.bicar1808@gmail.com;cd300 (BA-FEI-FEI C-D) - 30.04.2026, 12:00;12:00;30.04.2026;cd300 (BA-FEI-FEI C-D);B-IKT;
42;Bičkay;Samuel;08. 11. 2005;0219/728;biz.samobickay@gmail.com;de300 (BA-FEI-FEI D-E) - 29.04.2026, 14:00;14:00;29.04.2026;de300 (BA-FEI-FEI D-E);B-DT;
43;Bláha;Sebastián;23. 05. 2006;0809/728;seba.blaha@gmail.com;bc300 (BA-FEI-FEI B-C) - 29.04.2026, 10:00;10:00;29.04.2026;bc300 (BA-FEI-FEI B-C);B-API;
44;Bodnar;Mykyta;16. 06. 2008;1010/728;bodnarmykyta@gmail.com;de300 (BA-FEI-FEI D-E) - 29.04.2026, 14:00;14:00;29.04.2026;de300 (BA-FEI-FEI D-E);B-DT;
45;Boďo;Matej;18. 10. 2006;0810/728;mato.bodo@gmail.com;bc300 (BA-FEI-FEI B-C) - 29.04.2026, 10:00;10:00;29.04.2026;bc300 (BA-FEI-FEI B-C);B-API;
46;Boháč;Daniel;17. 10. 2007;0452/728;danielbohac12@gmail.com;bc300 (BA-FEI-FEI B-C) - 29.04.2026, 14:00;14:00;29.04.2026;bc300 (BA-FEI-FEI B-C);B-RK;
47;Boháček;Daniel;15. 04. 2005;1245/728;daniel.bohacek2022@gmail.com;bc300 (BA-FEI-FEI B-C) - 29.04.2026, 10:00;10:00;29.04.2026;bc300 (BA-FEI-FEI B-C);B-API;
48;Boiko;Artur;15. 05. 2009;0010/728;artur.boiko20@gmail.com;bc300 (BA-FEI-FEI B-C) - 29.04.2026, 10:00;10:00;29.04.2026;bc300 (BA-FEI-FEI B-C);B-API;
49;Bojczún;Andrej;14. 01. 2007;0358/728;andybojczun@gmail.com;bc300 (BA-FEI-FEI B-C) - 29.04.2026, 10:00;10:00;29.04.2026;bc300 (BA-FEI-FEI B-C);B-API;
50;Boleček;Pavol Martin;03. 10. 2007;0565/728;bolecekpavolmartin@gmail.com;bc300 (BA-FEI-FEI B-C) - 29.04.2026, 14:00;14:00;29.04.2026;bc300 (BA-FEI-FEI B-C);B-RK;
51;Borisov;Marius Sebastian;16. 01. 2007;0138/728;majki.borisov@gmail.com;bc300 (BA-FEI-FEI B-C) - 29.04.2026, 14:00;14:00;29.04.2026;bc300 (BA-FEI-FEI B-C);B-RK;
52;Borovičková;Alexandra;29. 07. 2006;0932/728;alexandraborovickova.ax@gmail.com;bc300 (BA-FEI-FEI B-C) - 29.04.2026, 14:00;14:00;29.04.2026;bc300 (BA-FEI-FEI B-C);B-RK;
53;Boyko;Andrii;04. 12. 2008;0811/728;boyko.andrii@abiturients.com;bc300 (BA-FEI-FEI B-C) - 29.04.2026, 10:00;10:00;29.04.2026;bc300 (BA-FEI-FEI B-C);B-API;
54;Bučko;Denis;28. 11. 2006;0011/728;denisuperpro1@gmail.com;bc300 (BA-FEI-FEI B-C) - 29.04.2026, 10:00;10:00;29.04.2026;bc300 (BA-FEI-FEI B-C);B-API;
55;Bugoš;Samuel;25. 11. 2006;0139/728;mrkvajul@gmail.com;bc300 (BA-FEI-FEI B-C) - 29.04.2026, 14:00;14:00;29.04.2026;bc300 (BA-FEI-FEI B-C);B-RK;
56;Bui Anh;Viet Anh;31. 05. 2007;1011/728;philipbui215@gmail.com;bc300 (BA-FEI-FEI B-C) - 29.04.2026, 14:00;14:00;29.04.2026;bc300 (BA-FEI-FEI B-C);B-RK;
57;Buinytskyi;Oleksii;09. 06. 2008;0012/728;buinytskyioleksii@gmail.com;bc300 (BA-FEI-FEI B-C) - 29.04.2026, 10:00;10:00;29.04.2026;bc300 (BA-FEI-FEI B-C);B-API;
58;Bulat;Maksym;17. 03. 2009;0566/728;maksym.bulat25@ukr.net;bc300 (BA-FEI-FEI B-C) - 29.04.2026, 10:00;10:00;29.04.2026;bc300 (BA-FEI-FEI B-C);B-API;
59;Cabaj;Ivan;27. 07. 2006;1014/728;cabajivan1@gmail.com;bc300 (BA-FEI-FEI B-C) - 29.04.2026, 14:00;14:00;29.04.2026;bc300 (BA-FEI-FEI B-C);B-RK;
60;Cesnak;Matúš;25. 09. 2005;1246/728;matuscesnak15@gmail.com;de300 (BA-FEI-FEI D-E) - 29.04.2026, 14:00;14:00;29.04.2026;de300 (BA-FEI-FEI D-E);B-DT;
61;Cinaroglu;Berat;11. 05. 2005;0567/728;beratcinaroglu@gmail.com;bc300 (BA-FEI-FEI B-C) - 29.04.2026, 10:00;10:00;29.04.2026;bc300 (BA-FEI-FEI B-C);B-API;
62;Čambálik;Samuel;27. 04. 2007;0933/728;samuelcambalik@gmail.com;de300 (BA-FEI-FEI D-E) - 29.04.2026, 14:00;14:00;29.04.2026;de300 (BA-FEI-FEI D-E);B-DT;
63;Čapkovič;Martin;24. 09. 1997;1247/728;martincapkovic@gmail.com;bc300 (BA-FEI-FEI B-C) - 29.04.2026, 14:00;14:00;29.04.2026;bc300 (BA-FEI-FEI B-C);B-RK;
64;Čiernik;Matúš;19. 09. 2006;1016/728;matus.ciernik@gmail.com;bc300 (BA-FEI-FEI B-C) - 29.04.2026, 10:00;10:00;29.04.2026;bc300 (BA-FEI-FEI B-C);B-API;
65;Čokina;Maxim;20. 11. 2006;0013/728;cokinamaxim@gmail.com;bc300 (BA-FEI-FEI B-C) - 29.04.2026, 10:00;10:00;29.04.2026;bc300 (BA-FEI-FEI B-C);B-API;
66;Čurgó;Dominik;04. 04. 2007;1017/728;spagety2845@gmail.com;bc300 (BA-FEI-FEI B-C) - 29.04.2026, 10:00;10:00;29.04.2026;bc300 (BA-FEI-FEI B-C);B-API;
67;Dalgac;Sinem;29. 11. 2006;0014/728;snmdalgac@gmail.com;bc300 (BA-FEI-FEI B-C) - 29.04.2026, 10:00;10:00;29.04.2026;bc300 (BA-FEI-FEI B-C);B-API;
68;Dalgac;Sudenaz;29. 11. 2006;0015/728;sdalgac06@gmail.com;bc300 (BA-FEI-FEI B-C) - 29.04.2026, 10:00;10:00;29.04.2026;bc300 (BA-FEI-FEI B-C);B-API;
69;Danács;Radovan;13. 07. 2006;0569/728;radovandanacs@gmail.com;bc300 (BA-FEI-FEI B-C) - 29.04.2026, 10:00;10:00;29.04.2026;bc300 (BA-FEI-FEI B-C);B-API;
70;Dančo;Andrej;22. 08. 2006;0016/728;dancoandrej@gmail.com;bc300 (BA-FEI-FEI B-C) - 29.04.2026, 10:00;10:00;29.04.2026;bc300 (BA-FEI-FEI B-C);B-API;
71;Ďanovský;Oskar;07. 02. 2006;1089/728;oskar.danovsky@gmail.com;bc300 (BA-FEI-FEI B-C) - 29.04.2026, 10:00;10:00;29.04.2026;bc300 (BA-FEI-FEI B-C);B-API;
72;Danylenko;Yehor;31. 07. 2009;0998/728;danylenko.yehor@leostudy.org;de300 (BA-FEI-FEI D-E) - 29.04.2026, 14:00;14:00;29.04.2026;de300 (BA-FEI-FEI D-E);B-DT;
73;Debnár;Peter;31. 07. 2006;0017/728;pdebnar9@gmail.com;bc300 (BA-FEI-FEI B-C) - 29.04.2026, 10:00;10:00;29.04.2026;bc300 (BA-FEI-FEI B-C);B-API;
74;Demianchuk;Yevhenii;20. 05. 2009;0359/728;yevhenii.demianchuk1@gmail.com;bc300 (BA-FEI-FEI B-C) - 29.04.2026, 10:00;10:00;29.04.2026;bc300 (BA-FEI-FEI B-C);B-API;
75;Demydchenko;Oleksii;15. 05. 2003;0687/728;demydchenkooleksii@gmail.com;bc300 (BA-FEI-FEI B-C) - 29.04.2026, 10:00;10:00;29.04.2026;bc300 (BA-FEI-FEI B-C);B-API;
76;Derbak;Myroslav;12. 04. 2009;0018/728;derbakmiroslav@gmail.com;bc300 (BA-FEI-FEI B-C) - 29.04.2026, 10:00;10:00;29.04.2026;bc300 (BA-FEI-FEI B-C);B-API;
77;Derkach;Oleksandr;14. 09. 2009;0141/728;derkacoleksandr999@gmail.com;bc300 (BA-FEI-FEI B-C) - 29.04.2026, 14:00;14:00;29.04.2026;bc300 (BA-FEI-FEI B-C);B-RK;
78;Didenko;Oleksii;12. 01. 2007;0019/728;didenko313@gmail.com;bc300 (BA-FEI-FEI B-C) - 29.04.2026, 10:00;10:00;29.04.2026;bc300 (BA-FEI-FEI B-C);B-API;
79;Dobrovolský;Adam;16. 05. 2007;1018/728;dobrovolskyadam10@gmail.com;bc300 (BA-FEI-FEI B-C) - 29.04.2026, 14:00;14:00;29.04.2026;bc300 (BA-FEI-FEI B-C);B-RK;
80;Dobrovolskyi;Mykyta;16. 12. 2008;0020/728;dobrovolskyikr@gmail.com;bc300 (BA-FEI-FEI B-C) - 29.04.2026, 10:00;10:00;29.04.2026;bc300 (BA-FEI-FEI B-C);B-API;
81;Drinka;Richard;14. 04. 2007;0814/728;drinka1985@gmail.com;bc300 (BA-FEI-FEI B-C) - 29.04.2026, 14:00;14:00;29.04.2026;bc300 (BA-FEI-FEI B-C);B-RK;
82;Druska;Dávid;20. 11. 2001;1249/728;davidko.druska@gmail.com;bc300 (BA-FEI-FEI B-C) - 29.04.2026, 14:00;14:00;29.04.2026;bc300 (BA-FEI-FEI B-C);B-RK;
83;Dubrova;Yana;30. 01. 2005;0454/728;yanadubrova1457@gmail.com;bc300 (BA-FEI-FEI B-C) - 29.04.2026, 10:00;10:00;29.04.2026;bc300 (BA-FEI-FEI B-C);B-API;
84;Dulický;Kevin;03. 07. 2007;1019/728;kevcidulicky@gmail.com;bc300 (BA-FEI-FEI B-C) - 29.04.2026, 10:00;10:00;29.04.2026;bc300 (BA-FEI-FEI B-C);B-API;
85;Dundek;Tomáš;10. 04. 2007;1090/728;tomas.dundek01@gmail.com;bc300 (BA-FEI-FEI B-C) - 29.04.2026, 14:00;14:00;29.04.2026;bc300 (BA-FEI-FEI B-C);B-RK;
86;Ďurišová;Kristína;30. 10. 2006;0360/728;kikaduris06@gmail.com;de300 (BA-FEI-FEI D-E) - 30.04.2026, 12:00;12:00;30.04.2026;de300 (BA-FEI-FEI D-E);B-ESNC;
87;Dyshkant;Mykhailo;30. 12. 2008;0021/728;dyshkant.mykhailo@ukr.net;bc300 (BA-FEI-FEI B-C) - 29.04.2026, 10:00;10:00;29.04.2026;bc300 (BA-FEI-FEI B-C);B-API;
88;Džačovská;Alexandra;22. 03. 2007;0022/728;saskadzacovska@gmail.com;bc300 (BA-FEI-FEI B-C) - 29.04.2026, 10:00;10:00;29.04.2026;bc300 (BA-FEI-FEI B-C);B-API;
89;Dzúrik;Adam;27. 01. 2007;0749/728;adamdzurik27@gmail.com;bc300 (BA-FEI-FEI B-C) - 29.04.2026, 10:00;10:00;29.04.2026;bc300 (BA-FEI-FEI B-C);B-API;
90;Dzuriš;Adam;29. 05. 2007;1250/728;adamdzuris6@gmail.com;bc300 (BA-FEI-FEI B-C) - 29.04.2026, 14:00;14:00;29.04.2026;bc300 (BA-FEI-FEI B-C);B-RK;
91;Eliaš;Lukáš;03. 11. 2006;0023/728;eliaslukas557@gmail.com;bc300 (BA-FEI-FEI B-C) - 29.04.2026, 10:00;10:00;29.04.2026;bc300 (BA-FEI-FEI B-C);B-API;
92;Faizi;Jakub;24. 04. 2007;1252/728;jakubfaizi8@gmail.com;de300 (BA-FEI-FEI D-E) - 29.04.2026, 14:00;14:00;29.04.2026;de300 (BA-FEI-FEI D-E);B-DT;
93;Farajpour;Farhad;08. 05. 2007;0203/728;farajpourfarhad2@gmail.com;de300 (BA-FEI-FEI D-E) - 30.04.2026, 12:00;12:00;30.04.2026;de300 (BA-FEI-FEI D-E);B-ESNC;x
94;Farajpour;Farhad;08. 05. 2007;0221/728;farajpourfarhad2@gmail.com;de300 (BA-FEI-FEI D-E) - 29.04.2026, 14:00;14:00;29.04.2026;de300 (BA-FEI-FEI D-E);B-DT;x
95;Fekete;Michal;24. 04. 2007;0688/728;michal.fekete7@gmail.com;bc300 (BA-FEI-FEI B-C) - 29.04.2026, 14:00;14:00;29.04.2026;bc300 (BA-FEI-FEI B-C);B-RK;
96;Feketeová;Soňa;30. 05. 2006;0508/728;sonifeke06@gmail.com;bc300 (BA-FEI-FEI B-C) - 29.04.2026, 10:00;10:00;29.04.2026;bc300 (BA-FEI-FEI B-C);B-API;
97;Feník;Adam;31. 10. 2006;1020/728;adamfenik98@gmail.com;de300 (BA-FEI-FEI D-E) - 29.04.2026, 14:00;14:00;29.04.2026;de300 (BA-FEI-FEI D-E);B-DT;
98;Ferajová;Natália;15. 08. 2007;1091/728;natalia.ferajova@gmail.com;bc300 (BA-FEI-FEI B-C) - 29.04.2026, 10:00;10:00;29.04.2026;bc300 (BA-FEI-FEI B-C);B-API;
99;Ferrara;Alexandra;09. 03. 2003;1021/728;alexandraferrara001@gmail.com;bc300 (BA-FEI-FEI B-C) - 29.04.2026, 14:00;14:00;29.04.2026;bc300 (BA-FEI-FEI B-C);B-RK;
100;Fidlerová;Michaela;08. 05. 2006;0024/728;misatkof@gmail.com;bc300 (BA-FEI-FEI B-C) - 29.04.2026, 10:00;10:00;29.04.2026;bc300 (BA-FEI-FEI B-C);B-API;
101;Fridrich;Maximilián;06. 01. 2007;0025/728;maxfridrich10@gmail.com;bc300 (BA-FEI-FEI B-C) - 29.04.2026, 10:00;10:00;29.04.2026;bc300 (BA-FEI-FEI B-C);B-API;
102;Frincu;Isabella;27. 06. 2006;1092/728;isabellafrincu@icloud.com;bc300 (BA-FEI-FEI B-C) - 29.04.2026, 10:00;10:00;29.04.2026;bc300 (BA-FEI-FEI B-C);B-API;
103;Frühwald;Maxim;09. 12. 2006;0026/728;maxim.fruhwald@gmail.com;bc300 (BA-FEI-FEI B-C) - 29.04.2026, 10:00;10:00;29.04.2026;bc300 (BA-FEI-FEI B-C);B-API;
104;Fuchs;Richard;01. 08. 2006;0570/728;risko.fuchs@gmail.com;cd300 (BA-FEI-FEI C-D) - 29.04.2026, 10:00;10:00;29.04.2026;cd300 (BA-FEI-FEI C-D);B-API;
105;Gaidoš;Kamil Emil;20. 03. 2007;1093/728;gaidoskamil11@gmail.com;bc300 (BA-FEI-FEI B-C) - 29.04.2026, 14:00;14:00;29.04.2026;bc300 (BA-FEI-FEI B-C);B-RK;
106;Gajdošík;Patrik;28. 05. 2007;0143/728;patrikgajdosik22@gmail.com;bc300 (BA-FEI-FEI B-C) - 29.04.2026, 14:00;14:00;29.04.2026;bc300 (BA-FEI-FEI B-C);B-RK;
107;Gálik;Samuel;23. 06. 2005;0144/728;ssamuel.galik@gmail.com;bc300 (BA-FEI-FEI B-C) - 29.04.2026, 14:00;14:00;29.04.2026;bc300 (BA-FEI-FEI B-C);B-RK;
108;Gemza;Svorad;10. 06. 2006;0456/728;gemzasvorad@gmail.com;cd300 (BA-FEI-FEI C-D) - 29.04.2026, 10:00;10:00;29.04.2026;cd300 (BA-FEI-FEI C-D);B-API;
109;Gereg;Samuel;11. 09. 2006;0028/728;gereg.samuel@gmail.com;cd300 (BA-FEI-FEI C-D) - 29.04.2026, 10:00;10:00;29.04.2026;cd300 (BA-FEI-FEI C-D);B-API;
110;Gladushka;Andrii;26. 06. 2009;0311/728;andrey.gladushka@gmail.com;cd300 (BA-FEI-FEI C-D) - 29.04.2026, 10:00;10:00;29.04.2026;cd300 (BA-FEI-FEI C-D);B-API;
111;Golian;Filip;14. 08. 2006;0223/728;fipoyt89@gmail.com;de300 (BA-FEI-FEI D-E) - 29.04.2026, 14:00;14:00;29.04.2026;de300 (BA-FEI-FEI D-E);B-DT;
112;Gombár;Martin;16. 10. 2006;0457/728;gombarmartinsp@gmail.com;cd300 (BA-FEI-FEI C-D) - 30.04.2026, 12:00;12:00;30.04.2026;cd300 (BA-FEI-FEI C-D);B-IKT;
113;Gomboš;Peter;01. 11. 2006;0934/728;petergombos910@gmail.com;bc300 (BA-FEI-FEI B-C) - 29.04.2026, 14:00;14:00;29.04.2026;bc300 (BA-FEI-FEI B-C);B-RK;
114;Goriakin;Kirill;15. 03. 2005;0426/728;kirillgoryakin1@gmail.com;cd300 (BA-FEI-FEI C-D) - 29.04.2026, 10:00;10:00;29.04.2026;cd300 (BA-FEI-FEI C-D);B-API;
115;Grabczak;Samuel;21. 08. 2006;1022/728;samuel.grabczak21@gmail.com;cd300 (BA-FEI-FEI C-D) - 29.04.2026, 10:00;10:00;29.04.2026;cd300 (BA-FEI-FEI C-D);B-API;
116;Gregušová;Nikita;26. 03. 2007;1095/728;nikitaggregusova@gmail.com;de300 (BA-FEI-FEI D-E) - 29.04.2026, 14:00;14:00;29.04.2026;de300 (BA-FEI-FEI D-E);B-DT;
117;Grman;Adam;07. 10. 2006;0690/728;adamgrman32@gmail.com;cd300 (BA-FEI-FEI C-D) - 29.04.2026, 10:00;10:00;29.04.2026;cd300 (BA-FEI-FEI C-D);B-API;
118;Grman;Adam Eduard;08. 10. 2006;1096/728;aknoob05@gmail.com;cd300 (BA-FEI-FEI C-D) - 29.04.2026, 10:00;10:00;29.04.2026;cd300 (BA-FEI-FEI C-D);B-API;
119;Grocká;Lenka;11. 12. 2006;1024/728;grocka.lenka@gmail.com;bc300 (BA-FEI-FEI B-C) - 29.04.2026, 14:00;14:00;29.04.2026;bc300 (BA-FEI-FEI B-C);B-RK;
120;Grotkovský;Gabriel;16. 01. 2004;0750/728;gabrielgrotkovsky04@gmail.com;cd300 (BA-FEI-FEI C-D) - 29.04.2026, 10:00;10:00;29.04.2026;cd300 (BA-FEI-FEI C-D);B-API;
121;Gudanek;Lukáš;07. 01. 2007;0145/728;lukas.gudanek2@gmail.com;bc300 (BA-FEI-FEI B-C) - 29.04.2026, 14:00;14:00;29.04.2026;bc300 (BA-FEI-FEI B-C);B-RK;
122;Guldan;Tomáš;06. 05. 2005;0516/728;fxraven777@gmail.com;cd300 (BA-FEI-FEI C-D) - 29.04.2026, 10:00;10:00;29.04.2026;cd300 (BA-FEI-FEI C-D);B-API;
123;Gulyás;Daniel;28. 04. 2007;0030/728;danko.gulyas@gmail.com;cd300 (BA-FEI-FEI C-D) - 29.04.2026, 10:00;10:00;29.04.2026;cd300 (BA-FEI-FEI C-D);B-API;
124;Hakáč;Tomáš;10. 05. 2007;0458/728;tomashakac@gmail.com;de300 (BA-FEI-FEI D-E) - 30.04.2026, 12:00;12:00;30.04.2026;de300 (BA-FEI-FEI D-E);B-ESNC;
125;Hanušniaková;Daniela;19. 12. 2005;0571/728;danielka.hanusniakova@gmail.com;cd300 (BA-FEI-FEI C-D) - 29.04.2026, 10:00;10:00;29.04.2026;cd300 (BA-FEI-FEI C-D);B-API;
126;Harvan;Samuel;25. 01. 2007;0031/728;harsam927@gmail.com;cd300 (BA-FEI-FEI C-D) - 29.04.2026, 10:00;10:00;29.04.2026;cd300 (BA-FEI-FEI C-D);B-API;
127;Hasynets;Vasyl;11. 12. 2006;1100/728;vasyl.hasynets2006@gmail.com;cd300 (BA-FEI-FEI C-D) - 29.04.2026, 10:00;10:00;29.04.2026;cd300 (BA-FEI-FEI C-D);B-API;
128;Hašuk;Matej;05. 02. 2007;1101/728;matej9344@gmail.com;de300 (BA-FEI-FEI D-E) - 30.04.2026, 12:00;12:00;30.04.2026;de300 (BA-FEI-FEI D-E);B-ESNC;
129;Haviernik;Šimon;28. 03. 2007;0146/728;simonhaviernik@gmail.com;bc300 (BA-FEI-FEI B-C) - 29.04.2026, 14:00;14:00;29.04.2026;bc300 (BA-FEI-FEI B-C);B-RK;
130;Hegely;Maxim;26. 04. 2006;0182/728;hegelymaxim@gmail.com;cd300 (BA-FEI-FEI C-D) - 30.04.2026, 12:00;12:00;30.04.2026;cd300 (BA-FEI-FEI C-D);B-IKT;
131;Henkeľ;Filip;21. 05. 2007;0615/728;fifo.henky@gmail.com;cd300 (BA-FEI-FEI C-D) - 29.04.2026, 10:00;10:00;29.04.2026;cd300 (BA-FEI-FEI C-D);B-API;
132;Hera;Stanislav;15. 07. 2005;0691/728;hera.stanislav@leostudy.org;bc300 (BA-FEI-FEI B-C) - 29.04.2026, 14:00;14:00;29.04.2026;bc300 (BA-FEI-FEI B-C);B-RK;
133;Heráková;Natália;17. 04. 2007;0817/728;natalkaherakova@gmail.com;cd300 (BA-FEI-FEI C-D) - 29.04.2026, 10:00;10:00;29.04.2026;cd300 (BA-FEI-FEI C-D);B-API;
134;Heriban;Leonard julius;01. 04. 2007;0147/728;leo.heriban@gmail.com;bc300 (BA-FEI-FEI B-C) - 29.04.2026, 14:00;14:00;29.04.2026;bc300 (BA-FEI-FEI B-C);B-RK;
135;Hirchenko;Maksym;07. 11. 2008;0935/728;hirchenko.maksym@leostudy.org;cd300 (BA-FEI-FEI C-D) - 29.04.2026, 10:00;10:00;29.04.2026;cd300 (BA-FEI-FEI C-D);B-API;
136;Hladný;Adam Jakub;05. 01. 2007;0818/728;hladnyadam@gmail.com;de300 (BA-FEI-FEI D-E) - 30.04.2026, 12:00;12:00;30.04.2026;de300 (BA-FEI-FEI D-E);B-ESNC;
137;Hlavatý;Timotej;19. 09. 2005;0692/728;timohlavaty4@gmail.com;cd300 (BA-FEI-FEI C-D) - 29.04.2026, 10:00;10:00;29.04.2026;cd300 (BA-FEI-FEI C-D);B-API;
138;Hnatiuk;Volodymyr;29. 01. 2009;0032/728;hnatiuk.volodymyr@leostudy.org;cd300 (BA-FEI-FEI C-D) - 29.04.2026, 10:00;10:00;29.04.2026;cd300 (BA-FEI-FEI C-D);B-API;
139;Hodák;Richard;08. 04. 2007;1253/728;richardhodak0@gmail.com;cd300 (BA-FEI-FEI C-D) - 29.04.2026, 10:00;10:00;29.04.2026;cd300 (BA-FEI-FEI C-D);B-API;
140;Holp;Jakub;13. 06. 2007;1025/728;jakub.holp@gmail.com;de300 (BA-FEI-FEI D-E) - 29.04.2026, 14:00;14:00;29.04.2026;de300 (BA-FEI-FEI D-E);B-DT;
141;Homola;Nicolas;11. 02. 2006;1254/728;nicolashomola0@gmail.com;cd300 (BA-FEI-FEI C-D) - 30.04.2026, 12:00;12:00;30.04.2026;cd300 (BA-FEI-FEI C-D);B-IKT;
142;Honcharov;Ruslan;15. 03. 2009;0149/728;ruslan.honcharov15@gmail.com;bc300 (BA-FEI-FEI B-C) - 29.04.2026, 14:00;14:00;29.04.2026;bc300 (BA-FEI-FEI B-C);B-RK;
143;Horáček;Patrik;07. 09. 2006;0033/728;patrikhoracek3@gmail.com;cd300 (BA-FEI-FEI C-D) - 29.04.2026, 10:00;10:00;29.04.2026;cd300 (BA-FEI-FEI C-D);B-API;
144;Horpinchenko;Diana;20. 01. 2005;0450/728;windows20052001@gmail.com;cd300 (BA-FEI-FEI C-D) - 29.04.2026, 10:00;10:00;29.04.2026;cd300 (BA-FEI-FEI C-D);B-API;
145;Host;Filip;24. 06. 2007;0459/728;filip.host.01@gmail.com;bc300 (BA-FEI-FEI B-C) - 29.04.2026, 14:00;14:00;29.04.2026;bc300 (BA-FEI-FEI B-C);B-RK;
146;Hovanec;Kamil;27. 07. 2006;0035/728;kamilhovanec.eu@gmail.com;cd300 (BA-FEI-FEI C-D) - 29.04.2026, 10:00;10:00;29.04.2026;cd300 (BA-FEI-FEI C-D);B-API;
147;Hrabala;Matej;12. 10. 2004;0460/728;mhrabala2@gmail.com;bc300 (BA-FEI-FEI B-C) - 29.04.2026, 14:00;14:00;29.04.2026;bc300 (BA-FEI-FEI B-C);B-RK;
148;Hrachovský;Marek;06. 12. 2005;0517/728;hrachovskymarek@gmail.com;cd300 (BA-FEI-FEI C-D) - 30.04.2026, 12:00;12:00;30.04.2026;cd300 (BA-FEI-FEI C-D);B-IKT;
149;Hrdina;Teodor;28. 08. 2005;0036/728;teodor.hrdina@outlook.com;cd300 (BA-FEI-FEI C-D) - 29.04.2026, 10:00;10:00;29.04.2026;cd300 (BA-FEI-FEI C-D);B-API;
150;Hrdlička;Samuel;12. 06. 2004;0037/728;samkohrdlicka@gmail.com;cd300 (BA-FEI-FEI C-D) - 29.04.2026, 10:00;10:00;29.04.2026;cd300 (BA-FEI-FEI C-D);B-API;
151;Hricišin;Martin;15. 05. 2007;0819/728;hricisinmartin@gmail.com;bc300 (BA-FEI-FEI B-C) - 29.04.2026, 14:00;14:00;29.04.2026;bc300 (BA-FEI-FEI B-C);B-RK;
152;Hrnčár;Samuel;24. 05. 2005;0936/728;Samuel.hrn215@gmail.com;cd300 (BA-FEI-FEI C-D) - 29.04.2026, 10:00;10:00;29.04.2026;cd300 (BA-FEI-FEI C-D);B-API;
153;Hrushevskyi;Yaroslav;11. 12. 2008;0038/728;hrushevskyi.yaroslav@leostudy.org;cd300 (BA-FEI-FEI C-D) - 29.04.2026, 10:00;10:00;29.04.2026;cd300 (BA-FEI-FEI C-D);B-API;
154;Hubar;Maksym;16. 04. 2007;0039/728;maks1604g@gmail.com;cd300 (BA-FEI-FEI C-D) - 29.04.2026, 10:00;10:00;29.04.2026;cd300 (BA-FEI-FEI C-D);B-API;
155;Hudačko;Andrej;27. 08. 2005;1255/728;andrej.hudacko@gmail.com;cd300 (BA-FEI-FEI C-D) - 29.04.2026, 10:00;10:00;29.04.2026;cd300 (BA-FEI-FEI C-D);B-API;
156;Hudecová;Sára;31. 01. 2006;0573/728;hudecova.sara@gmail.com;cd300 (BA-FEI-FEI C-D) - 29.04.2026, 10:00;10:00;29.04.2026;cd300 (BA-FEI-FEI C-D);B-API;
157;Huk;Artur;06. 06. 2009;0350/728;art.guk.education@gmail.com;cd300 (BA-FEI-FEI C-D) - 30.04.2026, 12:00;12:00;30.04.2026;cd300 (BA-FEI-FEI C-D);B-IKT;
158;Huk;Volodymyr;25. 03. 2008;0183/728;huk.volodymyr08@ukr.net;cd300 (BA-FEI-FEI C-D) - 30.04.2026, 12:00;12:00;30.04.2026;cd300 (BA-FEI-FEI C-D);B-IKT;
159;Hulina;Roman;10. 06. 2007;0937/728;romanhulina2@gmail.com;cd300 (BA-FEI-FEI C-D) - 29.04.2026, 10:00;10:00;29.04.2026;cd300 (BA-FEI-FEI C-D);B-API;
160;Huraj;Adam;31. 07. 2006;0938/728;huraj.adam@gmail.com;cd300 (BA-FEI-FEI C-D) - 29.04.2026, 10:00;10:00;29.04.2026;cd300 (BA-FEI-FEI C-D);B-API;
161;Husár;Štefan;25. 08. 2004;0939/728;stevko.husar1@gmail.com;cd300 (BA-FEI-FEI C-D) - 29.04.2026, 10:00;10:00;29.04.2026;cd300 (BA-FEI-FEI C-D);B-API;
162;Húska;Branislav;06. 04. 2005;0040/728;huskabranislav2005@gmail.com;cd300 (BA-FEI-FEI C-D) - 29.04.2026, 10:00;10:00;29.04.2026;cd300 (BA-FEI-FEI C-D);B-API;
163;Hvišč;Peter;16. 03. 2007;0361/728;hviscpeter1345@gmail.com;cd300 (BA-FEI-FEI C-D) - 29.04.2026, 10:00;10:00;29.04.2026;cd300 (BA-FEI-FEI C-D);B-API;
164;Hwang;Seulchan;09. 03. 2006;0362/728;seulchanhwang31@gmail.com;cd300 (BA-FEI-FEI C-D) - 29.04.2026, 10:00;10:00;29.04.2026;cd300 (BA-FEI-FEI C-D);B-API;
165;Cheketa;Kateryna;14. 08. 2006;0406/728;katkacheketa@gmail.com;cd300 (BA-FEI-FEI C-D) - 29.04.2026, 10:00;10:00;29.04.2026;cd300 (BA-FEI-FEI C-D);B-API;
166;Cherniuk;Dmytro;25. 08. 2008;1026/728;cherniukdima2008@gmail.com;cd300 (BA-FEI-FEI C-D) - 29.04.2026, 10:00;10:00;29.04.2026;cd300 (BA-FEI-FEI C-D);B-API;
167;Chobot;Christian;06. 11. 2006;0313/728;christian.chobot6000@gmail.com;cd300 (BA-FEI-FEI C-D) - 29.04.2026, 10:00;10:00;29.04.2026;cd300 (BA-FEI-FEI C-D);B-API;
168;Chornyi;Gordii;12. 11. 2002;0345/728;vvgord2003@gmail.com;cd300 (BA-FEI-FEI C-D) - 29.04.2026, 10:00;10:00;29.04.2026;cd300 (BA-FEI-FEI C-D);B-API;
169;Chornyi;Zakhar;01. 07. 2008;1102/728;marktsuper83@gmail.com;cd300 (BA-FEI-FEI C-D) - 29.04.2026, 10:00;10:00;29.04.2026;cd300 (BA-FEI-FEI C-D);B-API;
170;Chromčík;Maroš;27. 10. 2006;0694/728;maroschrom@gmail.com;cd300 (BA-FEI-FEI C-D) - 29.04.2026, 10:00;10:00;29.04.2026;cd300 (BA-FEI-FEI C-D);B-API;
171;Chromík;Filip;29. 09. 2006;1103/728;filipko.chromik@gmail.com;bc300 (BA-FEI-FEI B-C) - 29.04.2026, 14:00;14:00;29.04.2026;bc300 (BA-FEI-FEI B-C);B-RK;
172;Chromík;Ondrej;27. 08. 2007;0575/728;ondrejchromik1@gmail.com;de300 (BA-FEI-FEI D-E) - 29.04.2026, 14:00;14:00;29.04.2026;de300 (BA-FEI-FEI D-E);B-DT;
173;Chuhuivets;Andrii;23. 12. 2008;0314/728;andrii.chuhuivets@kabinet.net.ua;cd300 (BA-FEI-FEI C-D) - 29.04.2026, 10:00;10:00;29.04.2026;cd300 (BA-FEI-FEI C-D);B-API;
174;Chvalník;Peter;02. 11. 2006;0820/728;pchvalnik123@gmail.com;bc300 (BA-FEI-FEI B-C) - 29.04.2026, 14:00;14:00;29.04.2026;bc300 (BA-FEI-FEI B-C);B-RK;
175;Chvostik;Patrik;17. 05. 2007;0205/728;pato.chvostik@gmail.com;de300 (BA-FEI-FEI D-E) - 30.04.2026, 12:00;12:00;30.04.2026;de300 (BA-FEI-FEI D-E);B-ESNC;
176;Ihnativ;Roman;30. 06. 2008;0696/728;ihnativ.roman@abiturients.com;cd300 (BA-FEI-FEI C-D) - 29.04.2026, 10:00;10:00;29.04.2026;cd300 (BA-FEI-FEI C-D);B-API;
177;Ilenčíková;Alexandra;27. 11. 2005;1256/728;alexandrailencikova5@gmail.com;cd300 (BA-FEI-FEI C-D) - 29.04.2026, 10:00;10:00;29.04.2026;cd300 (BA-FEI-FEI C-D);B-API;
178;Iozefic;Kristián;06. 06. 2007;0041/728;christianiozefic@gmail.com;bc150 (BA-FEI-FEI B-C) - 29.04.2026, 12:00;12:00;29.04.2026;bc150 (BA-FEI-FEI B-C);B-API;špecifické potreby
179;Isakov;Iskhak;23. 12. 2003;0576/728;wefulqw@gmail.com;cd300 (BA-FEI-FEI C-D) - 29.04.2026, 10:00;10:00;29.04.2026;cd300 (BA-FEI-FEI C-D);B-API;
180;Ishchuk;Mykola;06. 07. 2009;0407/728;viktorangelina15@gmail.com;cd300 (BA-FEI-FEI C-D) - 29.04.2026, 10:00;10:00;29.04.2026;cd300 (BA-FEI-FEI C-D);B-API;
181;Ishmuratov;Nikita;22. 12. 2006;0184/728;ishmnik06@gmail.com;cd300 (BA-FEI-FEI C-D) - 30.04.2026, 12:00;12:00;30.04.2026;cd300 (BA-FEI-FEI C-D);B-IKT;
182;Jadroň;Viliam;10. 09. 2006;0315/728;viliam.jadron@gabnam.sk;cd300 (BA-FEI-FEI C-D) - 29.04.2026, 10:00;10:00;29.04.2026;cd300 (BA-FEI-FEI C-D);B-API;
183;Janček;Nicolas;27. 05. 2005;0225/728;janceknicolas@gmail.com;de300 (BA-FEI-FEI D-E) - 29.04.2026, 14:00;14:00;29.04.2026;de300 (BA-FEI-FEI D-E);B-DT;
184;Jančišinová;Nina;16. 08. 2007;0043/728;jancisin.nina@gmail.com;cd300 (BA-FEI-FEI C-D) - 29.04.2026, 10:00;10:00;29.04.2026;cd300 (BA-FEI-FEI C-D);B-API;
185;Janko;Mikuláš;11. 10. 2005;0316/728;mikijanko05@gmail.com;cd300 (BA-FEI-FEI C-D) - 29.04.2026, 10:00;10:00;29.04.2026;cd300 (BA-FEI-FEI C-D);B-API;
186;Jánoš;Matej;09. 09. 2006;0226/728;janosmatej9@gmail.com;de300 (BA-FEI-FEI D-E) - 29.04.2026, 14:00;14:00;29.04.2026;de300 (BA-FEI-FEI D-E);B-DT;
187;Javor;Radovan;23. 03. 2007;1028/728;j.radko1@gmail.com;de300 (BA-FEI-FEI D-E) - 29.04.2026, 10:00;10:00;29.04.2026;de300 (BA-FEI-FEI D-E);B-API;
188;Ježík;Tomáš;10. 08. 2006;0578/728;tomas632.tomi@gmail.com;de300 (BA-FEI-FEI D-E) - 29.04.2026, 10:00;10:00;29.04.2026;de300 (BA-FEI-FEI D-E);B-API;
189;Jileček;Martin;06. 06. 2007;0649/728;mart1n366j2@gmail.com;de300 (BA-FEI-FEI D-E) - 30.04.2026, 12:00;12:00;30.04.2026;de300 (BA-FEI-FEI D-E);B-ESNC;
190;John;Samuel Chinonso;03. 07. 2006;0800/728;samkojohn@yahoo.com;bc300 (BA-FEI-FEI B-C) - 29.04.2026, 14:00;14:00;29.04.2026;bc300 (BA-FEI-FEI B-C);B-RK;
191;Jurčík;Tomáš;30. 10. 2005;0697/728;tomko.jurcik@gmail.com;de300 (BA-FEI-FEI D-E) - 29.04.2026, 10:00;10:00;29.04.2026;de300 (BA-FEI-FEI D-E);B-API;
192;Juriš;Michal;19. 06. 2007;0317/728;michaljuris0507@gmail.com;de300 (BA-FEI-FEI D-E) - 29.04.2026, 10:00;10:00;29.04.2026;de300 (BA-FEI-FEI D-E);B-API;
193;Káčer;Adrián;10. 03. 2007;0228/728;adriankacer2007@gmail.com;de300 (BA-FEI-FEI D-E) - 29.04.2026, 14:00;14:00;29.04.2026;de300 (BA-FEI-FEI D-E);B-DT;
194;Kachkurkin;Aleksei;14. 06. 2007;0363/728;soyiffj@gmail.com;de300 (BA-FEI-FEI D-E) - 29.04.2026, 10:00;10:00;29.04.2026;de300 (BA-FEI-FEI D-E);B-API;
195;Kalchuk;Yelyzaveta;08. 04. 2009;0999/728;kalchuk.yelyzaveta@leostudy.org;de300 (BA-FEI-FEI D-E) - 29.04.2026, 10:00;10:00;29.04.2026;de300 (BA-FEI-FEI D-E);B-API;
196;Karas;Igor;02. 10. 2006;0045/728;igorkaras210@gmail.com;de300 (BA-FEI-FEI D-E) - 29.04.2026, 10:00;10:00;29.04.2026;de300 (BA-FEI-FEI D-E);B-API;
197;Kasianenko;Mykyta;15. 01. 2009;0046/728;mykytakasianenkoslovakia@gmail.com;de300 (BA-FEI-FEI D-E) - 29.04.2026, 10:00;10:00;29.04.2026;de300 (BA-FEI-FEI D-E);B-API;
198;Katkovčin;Ján;17. 03. 2007;0821/728;katkovcin.jan@gmail.com;de300 (BA-FEI-FEI D-E) - 29.04.2026, 10:00;10:00;29.04.2026;de300 (BA-FEI-FEI D-E);B-API;
199;Kazakov;Rustam;10. 11. 2006;0047/728;rkazakov2006@gmail.com;de300 (BA-FEI-FEI D-E) - 29.04.2026, 10:00;10:00;29.04.2026;de300 (BA-FEI-FEI D-E);B-API;
200;Kazban;Dmytro;03. 07. 2007;0048/728;dmitriy.kazban@gmail.com;de300 (BA-FEI-FEI D-E) - 29.04.2026, 10:00;10:00;29.04.2026;de300 (BA-FEI-FEI D-E);B-API;
201;Kecskés;Richard;26. 11. 2004;0752/728;richard.kecskes42@gmail.com;cd300 (BA-FEI-FEI C-D) - 30.04.2026, 12:00;12:00;30.04.2026;cd300 (BA-FEI-FEI C-D);B-IKT;
202;Kerman;Arsenii;21. 12. 2008;0409/728;megashark888@gmail.com;de300 (BA-FEI-FEI D-E) - 29.04.2026, 10:00;10:00;29.04.2026;de300 (BA-FEI-FEI D-E);B-API;
203;Keve;Máté;17. 12. 2005;1029/728;kevemate53@gmail.com;de300 (BA-FEI-FEI D-E) - 29.04.2026, 10:00;10:00;29.04.2026;de300 (BA-FEI-FEI D-E);B-API;
204;Kharenko;Ihor;14. 01. 2009;0049/728;ihor.kharenko@keyup.com.ua;de300 (BA-FEI-FEI D-E) - 29.04.2026, 10:00;10:00;29.04.2026;de300 (BA-FEI-FEI D-E);B-API;
205;Kharchenko;Yaroslav;11. 01. 2009;0153/728;europanacademy@gmail.com;bc300 (BA-FEI-FEI B-C) - 29.04.2026, 14:00;14:00;29.04.2026;bc300 (BA-FEI-FEI B-C);B-RK;
206;Kharuta;Hlib;07. 03. 2006;0319/728;gleb.x.work@gmail.com;bc300 (BA-FEI-FEI B-C) - 29.04.2026, 14:00;14:00;29.04.2026;bc300 (BA-FEI-FEI B-C);B-RK;
207;Kharyna;Mykhailo;17. 06. 2008;0050/728;mykhajlo.kharyna.sk@gmail.com;de300 (BA-FEI-FEI D-E) - 29.04.2026, 10:00;10:00;29.04.2026;de300 (BA-FEI-FEI D-E);B-API;
208;Khlytsov;Yurii;02. 08. 2009;0154/728;khlytsovfamily@gmail.com;bc300 (BA-FEI-FEI B-C) - 29.04.2026, 14:00;14:00;29.04.2026;bc300 (BA-FEI-FEI B-C);B-RK;
209;Khovpei;Oleksandra;01. 10. 2003;0051/728;alexandrachovpej41@gmail.com;de300 (BA-FEI-FEI D-E) - 29.04.2026, 10:00;10:00;29.04.2026;de300 (BA-FEI-FEI D-E);B-API;
210;Kleinert;Patrik;14. 02. 2004;1106/728;patrik.kleinert@gmail.com;cd300 (BA-FEI-FEI C-D) - 30.04.2026, 12:00;12:00;30.04.2026;cd300 (BA-FEI-FEI C-D);B-IKT;
211;Klobucnik;Ondrej;26. 05. 2005;0462/728;ondrej.klobucnik@gmail.com;bc300 (BA-FEI-FEI B-C) - 29.04.2026, 14:00;14:00;29.04.2026;bc300 (BA-FEI-FEI B-C);B-RK;
212;Klopotun;Vladyslav;20. 11. 2008;0052/728;vladislavklopotun@gmail.com;de300 (BA-FEI-FEI D-E) - 29.04.2026, 10:00;10:00;29.04.2026;de300 (BA-FEI-FEI D-E);B-API;
213;Kocian;Peter;14. 05. 2007;0463/728;petko052007@gmail.com;bc300 (BA-FEI-FEI B-C) - 29.04.2026, 14:00;14:00;29.04.2026;bc300 (BA-FEI-FEI B-C);B-RK;
214;Kocúr;Tomáš;12. 12. 2006;0054/728;tomaskocur328@gmail.com;de300 (BA-FEI-FEI D-E) - 29.04.2026, 10:00;10:00;29.04.2026;de300 (BA-FEI-FEI D-E);B-API;
215;Kochkin;Bohdan;30. 05. 2009;0823/728;pavelerfan@gmail.com;de300 (BA-FEI-FEI D-E) - 29.04.2026, 10:00;10:00;29.04.2026;de300 (BA-FEI-FEI D-E);B-API;
216;Kolářová;Diana;07. 12. 2006;0155/728;kolar.dianka@gmail.com;bc300 (BA-FEI-FEI B-C) - 29.04.2026, 14:00;14:00;29.04.2026;bc300 (BA-FEI-FEI B-C);B-RK;
217;Koleň;Adam;28. 05. 2002;1258/728;kolen.adam20@gmail.com;de300 (BA-FEI-FEI D-E) - 29.04.2026, 10:00;10:00;29.04.2026;de300 (BA-FEI-FEI D-E);B-API;
218;Kolisnychenko;Valeriia;06. 10. 2009;0518/728;lera.kolisnychenko06@gmail.com;cd300 (BA-FEI-FEI C-D) - 30.04.2026, 12:00;12:00;30.04.2026;cd300 (BA-FEI-FEI C-D);B-IKT;
219;Kollárik;Timotej;30. 06. 2006;0321/728;t3006kollarik@gmail.com;de300 (BA-FEI-FEI D-E) - 29.04.2026, 10:00;10:00;29.04.2026;de300 (BA-FEI-FEI D-E);B-API;
220;Komar;Yevhen;24. 12. 2008;0322/728;zheniakomar05@gmail.com;de300 (BA-FEI-FEI D-E) - 29.04.2026, 10:00;10:00;29.04.2026;de300 (BA-FEI-FEI D-E);B-API;
221;Kominko;Dalibor;25. 09. 2006;1031/728;dalibor.kominko@gmail.com;bc300 (BA-FEI-FEI B-C) - 29.04.2026, 14:00;14:00;29.04.2026;bc300 (BA-FEI-FEI B-C);B-RK;
222;Konečný;Ivan;20. 10. 2006;1032/728;ivanko.konecny2010@gmail.com;de300 (BA-FEI-FEI D-E) - 29.04.2026, 14:00;14:00;29.04.2026;de300 (BA-FEI-FEI D-E);B-DT;
223;Konopová;Zuzana;10. 04. 2007;0365/728;konopova.zu@gmail.com;de300 (BA-FEI-FEI D-E) - 29.04.2026, 10:00;10:00;29.04.2026;de300 (BA-FEI-FEI D-E);B-API;
224;Konovaltsev;Oleksandr;19. 01. 2009;0579/728;oleksandr.konovaltsev@ukr.net;cd300 (BA-FEI-FEI C-D) - 29.04.2026, 14:00;14:00;29.04.2026;cd300 (BA-FEI-FEI C-D);B-RK;
225;Konôpková;Veronika;17. 03. 2006;0700/728;veko0006@gmail.com;de300 (BA-FEI-FEI D-E) - 29.04.2026, 10:00;10:00;29.04.2026;de300 (BA-FEI-FEI D-E);B-API;
226;Kopálová;Barbora;02. 03. 2007;0055/728;b.kopalova@gmail.com;de300 (BA-FEI-FEI D-E) - 29.04.2026, 10:00;10:00;29.04.2026;de300 (BA-FEI-FEI D-E);B-API;
227;Kopka;Marek;01. 08. 2006;0056/728;marek.kopka01@gmail.com;de300 (BA-FEI-FEI D-E) - 29.04.2026, 10:00;10:00;29.04.2026;de300 (BA-FEI-FEI D-E);B-API;
228;Kormaňák;Richard;07. 06. 2006;0824/728;riso.kormanak@gmail.com;de300 (BA-FEI-FEI D-E) - 29.04.2026, 10:00;10:00;29.04.2026;de300 (BA-FEI-FEI D-E);B-API;
229;Korp;Bruno;26. 06. 2007;0057/728;bruno.korpik@gmail.com;de300 (BA-FEI-FEI D-E) - 29.04.2026, 10:00;10:00;29.04.2026;de300 (BA-FEI-FEI D-E);B-API;
230;Kost;Ivan;17. 06. 2009;0941/728;kost.ivan@abiturients.com;de300 (BA-FEI-FEI D-E) - 29.04.2026, 10:00;10:00;29.04.2026;de300 (BA-FEI-FEI D-E);B-API;
231;Kostiuk;Anastasiia;18. 10. 2008;0058/728;kostiuk.anastasiia@leostudy.org;de300 (BA-FEI-FEI D-E) - 29.04.2026, 10:00;10:00;29.04.2026;de300 (BA-FEI-FEI D-E);B-API;
232;Košťál;Filip;02. 12. 2006;0519/728;kostal.filip1@gmail.com;de300 (BA-FEI-FEI D-E) - 30.04.2026, 12:00;12:00;30.04.2026;de300 (BA-FEI-FEI D-E);B-ESNC;
233;Kotenko;Denys;05. 08. 2008;0156/728;Kotenkoti12@gmail.com;cd300 (BA-FEI-FEI C-D) - 29.04.2026, 14:00;14:00;29.04.2026;cd300 (BA-FEI-FEI C-D);B-RK;
234;Koutný;Richard;13. 03. 2007;1109/728;richard.koutny@icloud.com;de300 (BA-FEI-FEI D-E) - 29.04.2026, 14:00;14:00;29.04.2026;de300 (BA-FEI-FEI D-E);B-DT;
235;Kovács;Sebastián;17. 03. 2007;0229/728;sebastiankovacs173@gmail.com;de300 (BA-FEI-FEI D-E) - 29.04.2026, 14:00;14:00;29.04.2026;de300 (BA-FEI-FEI D-E);B-DT;
236;Kováč;Jakub;26. 09. 2006;0323/728;jakub.kovac545@gmail.com;de300 (BA-FEI-FEI D-E) - 29.04.2026, 10:00;10:00;29.04.2026;de300 (BA-FEI-FEI D-E);B-API;
237;Kováč;Sebastián;04. 07. 2006;1036/728;sebko.kovac@gmail.com;cd300 (BA-FEI-FEI C-D) - 29.04.2026, 14:00;14:00;29.04.2026;cd300 (BA-FEI-FEI C-D);B-RK;
238;Kováčiková;Karin;06. 07. 2006;1034/728;karin.kovacikova18@gmail.com;de300 (BA-FEI-FEI D-E) - 29.04.2026, 10:00;10:00;29.04.2026;de300 (BA-FEI-FEI D-E);B-API;
239;Kovačovic;Tomáš;26. 03. 2007;0701/728;kovacovic.tomas1@gmail.com;cd300 (BA-FEI-FEI C-D) - 29.04.2026, 14:00;14:00;29.04.2026;cd300 (BA-FEI-FEI C-D);B-RK;
240;Koval;Maksym;01. 03. 2009;0059/728;maksym.koval@kabinet.net.ua;de300 (BA-FEI-FEI D-E) - 29.04.2026, 10:00;10:00;29.04.2026;de300 (BA-FEI-FEI D-E);B-API;
241;Koval;Nikita;22. 11. 2009;0060/728;nikitakoval006@gmail.com;de300 (BA-FEI-FEI D-E) - 29.04.2026, 10:00;10:00;29.04.2026;de300 (BA-FEI-FEI D-E);B-API;
242;Kovtun;Nazar;14. 05. 2009;0580/728;kovtunnazar00@gmail.com;de300 (BA-FEI-FEI D-E) - 29.04.2026, 10:00;10:00;29.04.2026;de300 (BA-FEI-FEI D-E);B-API;
243;Kovtunov;Mykhailo;27. 03. 2009;0061/728;kovtunovmyhajlo17@gmail.com;de300 (BA-FEI-FEI D-E) - 29.04.2026, 10:00;10:00;29.04.2026;de300 (BA-FEI-FEI D-E);B-API;
244;Kozakevych;Oleksandr;27. 03. 2009;0942/728;kozakevycholeksandr0101@gmail.com;cd300 (BA-FEI-FEI C-D) - 29.04.2026, 14:00;14:00;29.04.2026;cd300 (BA-FEI-FEI C-D);B-RK;
245;Kozar;Andrii;18. 07. 2009;0618/728;kozarandrii18.07@ukr.net;de300 (BA-FEI-FEI D-E) - 29.04.2026, 10:00;10:00;29.04.2026;de300 (BA-FEI-FEI D-E);B-API;
246;Krajčík;Andrej;21. 07. 2007;0702/728;akrajcik2007@gmail.com;de300 (BA-FEI-FEI D-E) - 29.04.2026, 10:00;10:00;29.04.2026;de300 (BA-FEI-FEI D-E);B-API;
247;Krajčírová;Gréta;17. 05. 2007;0230/728;greta.krajcirova34@gmail.com;de300 (BA-FEI-FEI D-E) - 29.04.2026, 14:00;14:00;29.04.2026;de300 (BA-FEI-FEI D-E);B-DT;
248;Krasňan;Marek;01. 06. 2007;0619/728;marek.krasnan33@gmail.com;de300 (BA-FEI-FEI D-E) - 29.04.2026, 10:00;10:00;29.04.2026;de300 (BA-FEI-FEI D-E);B-API;
249;Krasnikov;Kyryll;27. 02. 2009;0944/728;kirill.krasnikov.stan@gmail.com;de300 (BA-FEI-FEI D-E) - 29.04.2026, 10:00;10:00;29.04.2026;de300 (BA-FEI-FEI D-E);B-API;
250;Krasnov;Nikita;03. 11. 2008;0324/728;nkrasnov265@gmail.com;de300 (BA-FEI-FEI D-E) - 29.04.2026, 14:00;14:00;29.04.2026;de300 (BA-FEI-FEI D-E);B-DT;
251;Krátky;Marek;30. 09. 2003;0509/728;marek.jojo.kratky706@gmail.com;de300 (BA-FEI-FEI D-E) - 29.04.2026, 10:00;10:00;29.04.2026;de300 (BA-FEI-FEI D-E);B-API;
252;Kravets;Kyrylo;24. 11. 2008;0427/728;kyrylo.kravets@logoscentrum.com;de300 (BA-FEI-FEI D-E) - 29.04.2026, 10:00;10:00;29.04.2026;de300 (BA-FEI-FEI D-E);B-API;
253;Kravchenko;Volodymyr;10. 06. 2009;0231/728;volodymyr.kravchenko@logoscentrum.com;de300 (BA-FEI-FEI D-E) - 29.04.2026, 14:00;14:00;29.04.2026;de300 (BA-FEI-FEI D-E);B-DT;
254;Krippel;Jakub;21. 10. 2003;0063/728;jakubak157@gmail.com;de300 (BA-FEI-FEI D-E) - 29.04.2026, 10:00;10:00;29.04.2026;de300 (BA-FEI-FEI D-E);B-API;
255;Krišica;Andrej;17. 01. 2007;1038/728;andrejkrisica18@gmail.com;de300 (BA-FEI-FEI D-E) - 29.04.2026, 10:00;10:00;29.04.2026;de300 (BA-FEI-FEI D-E);B-API;
256;Krištofík;Matej;08. 11. 2006;0826/728;matkri06@gmail.com;de300 (BA-FEI-FEI D-E) - 29.04.2026, 14:00;14:00;29.04.2026;de300 (BA-FEI-FEI D-E);B-DT;
257;Krivošíková;Sára;27. 05. 2007;0945/728;sara@prvyzbor.sk;cd300 (BA-FEI-FEI C-D) - 29.04.2026, 14:00;14:00;29.04.2026;cd300 (BA-FEI-FEI C-D);B-RK;
258;Krivulcik;Andrej;19. 01. 2007;0157/728;krivulcikandrej@gmail.com;cd300 (BA-FEI-FEI C-D) - 29.04.2026, 14:00;14:00;29.04.2026;cd300 (BA-FEI-FEI C-D);B-RK;
259;Kročák;Maxim;13. 05. 2007;0325/728;maxim.krocak1@gmail.com;de300 (BA-FEI-FEI D-E) - 29.04.2026, 10:00;10:00;29.04.2026;de300 (BA-FEI-FEI D-E);B-API;
260;Krumpolec;Adam;12. 05. 2003;1039/728;adam.krumpolec77@gmail.com;de300 (BA-FEI-FEI D-E) - 29.04.2026, 10:00;10:00;29.04.2026;de300 (BA-FEI-FEI D-E);B-API;
261;Kseňák;Miroslav;02. 10. 2006;0466/728;miromaraks@gmail.com;cd300 (BA-FEI-FEI C-D) - 30.04.2026, 12:00;12:00;30.04.2026;cd300 (BA-FEI-FEI C-D);B-IKT;
262;Kubáň;Michal;27. 03. 2007;0754/728;michal.kuban2007@gmail.com;de300 (BA-FEI-FEI D-E) - 29.04.2026, 10:00;10:00;29.04.2026;de300 (BA-FEI-FEI D-E);B-API;
263;Kubinová;Anna;20. 04. 2007;0451/728;anna.kubinova204@gmail.com;de300 (BA-FEI-FEI D-E) - 29.04.2026, 10:00;10:00;29.04.2026;de300 (BA-FEI-FEI D-E);B-API;
264;Kubošeková;Zuzana;03. 03. 2007;1040/728;kubosekovaz@gmail.com;de300 (BA-FEI-FEI D-E) - 29.04.2026, 10:00;10:00;29.04.2026;de300 (BA-FEI-FEI D-E);B-API;
265;Kubov;Jakub;29. 12. 2006;0064/728;jakubkubovjk324@gmail.com;de300 (BA-FEI-FEI D-E) - 29.04.2026, 10:00;10:00;29.04.2026;de300 (BA-FEI-FEI D-E);B-API;
266;Kučera;Maroš;09. 01. 2007;0192/728;maroskucera8@gmail.com;cd300 (BA-FEI-FEI C-D) - 30.04.2026, 12:00;12:00;30.04.2026;cd300 (BA-FEI-FEI C-D);B-IKT;
267;Kuchko;Sofiia;01. 09. 2006;0946/728;sofiyka0109@gmail.com;de300 (BA-FEI-FEI D-E) - 29.04.2026, 14:00;14:00;29.04.2026;de300 (BA-FEI-FEI D-E);B-DT;
268;Kukučka;Marek;25. 01. 2007;0411/728;kukuckamarek2501@gmail.com;cd300 (BA-FEI-FEI C-D) - 29.04.2026, 14:00;14:00;29.04.2026;cd300 (BA-FEI-FEI C-D);B-RK;
269;Kulbitskaya;Ilona;31. 08. 2008;0620/728;kulbitskayailona@gmail.com;bc300 (BA-FEI-FEI B-C) - 29.04.2026, 12:00;12:00;29.04.2026;bc300 (BA-FEI-FEI B-C);B-API;
270;Kuník;Stanislav Aurel;15. 08. 2003;0510/728;aurelkunik@gmail.com;de300 (BA-FEI-FEI D-E) - 30.04.2026, 12:00;12:00;30.04.2026;de300 (BA-FEI-FEI D-E);B-ESNC;
271;Kupás;Jakub;27. 10. 2006;0065/728;kupasjakub@gmail.com;bc300 (BA-FEI-FEI B-C) - 29.04.2026, 12:00;12:00;29.04.2026;bc300 (BA-FEI-FEI B-C);B-API;
272;Kurbel;Jakub;01. 06. 2007;1042/728;jakubskaut@gmail.com;cd300 (BA-FEI-FEI C-D) - 30.04.2026, 12:00;12:00;30.04.2026;cd300 (BA-FEI-FEI C-D);B-IKT;
273;Kurbetyev;Ivan;04. 04. 2005;0581/728;profitkaoff@gmail.com;de300 (BA-FEI-FEI D-E) - 30.04.2026, 12:00;12:00;30.04.2026;de300 (BA-FEI-FEI D-E);B-ESNC;
274;Kurhan;Artem;30. 08. 2003;0703/728;kurhan.artem@abiturients.com;cd300 (BA-FEI-FEI C-D) - 29.04.2026, 14:00;14:00;29.04.2026;cd300 (BA-FEI-FEI C-D);B-RK;
275;Kuriachenko;Kostiantyn;08. 01. 2009;0351/728;kostiantyn.kuriachenko@keyup.com.ua;cd300 (BA-FEI-FEI C-D) - 29.04.2026, 14:00;14:00;29.04.2026;cd300 (BA-FEI-FEI C-D);B-RK;
276;Kuriš;Imanuel Samuel;09. 07. 2006;1043/728;imanutipie9@gmail.com;de300 (BA-FEI-FEI D-E) - 29.04.2026, 14:00;14:00;29.04.2026;de300 (BA-FEI-FEI D-E);B-DT;
277;Kuruc;Peter;28. 12. 2003;0326/728;peter.kuruc@outlook.com;cd300 (BA-FEI-FEI C-D) - 30.04.2026, 12:00;12:00;30.04.2026;cd300 (BA-FEI-FEI C-D);B-IKT;
278;Kushchenko;Nikita;17. 08. 2008;0066/728;kushchenko.nikita@leostudy.org;bc300 (BA-FEI-FEI B-C) - 29.04.2026, 12:00;12:00;29.04.2026;bc300 (BA-FEI-FEI B-C);B-API;
279;Kušnírová;Veronika;15. 05. 2007;0704/728;kusnirovaverunka@gmail.com;cd300 (BA-FEI-FEI C-D) - 30.04.2026, 12:00;12:00;30.04.2026;cd300 (BA-FEI-FEI C-D);B-IKT;
280;Kuštan;Alexander;10. 08. 2006;0367/728;alexkustan@gmail.com;bc300 (BA-FEI-FEI B-C) - 29.04.2026, 12:00;12:00;29.04.2026;bc300 (BA-FEI-FEI B-C);B-API;
281;Kutálek;Šimon;14. 05. 2007;0067/728;kutaleksimon@gmail.com;bc300 (BA-FEI-FEI B-C) - 29.04.2026, 12:00;12:00;29.04.2026;bc300 (BA-FEI-FEI B-C);B-API;
282;Kyrieiev;Dmytro;22. 06. 2009;1110/728;kyrieievdmytro0101@gmail.com;bc300 (BA-FEI-FEI B-C) - 29.04.2026, 12:00;12:00;29.04.2026;bc300 (BA-FEI-FEI B-C);B-API;
283;Kyrychenko;Artem;06. 07. 2009;0467/728;kyrychenko.artem@ukr.net;bc300 (BA-FEI-FEI B-C) - 29.04.2026, 12:00;12:00;29.04.2026;bc300 (BA-FEI-FEI B-C);B-API;
284;Kyzek;Matej;22. 01. 2007;0352/728;matkokyzek68@gmail.com;bc300 (BA-FEI-FEI B-C) - 29.04.2026, 12:00;12:00;29.04.2026;bc300 (BA-FEI-FEI B-C);B-API;
285;Labuda;Pavol;06. 12. 2004;1260/728;labudapavol@outlook.com;cd300 (BA-FEI-FEI C-D) - 30.04.2026, 12:00;12:00;30.04.2026;cd300 (BA-FEI-FEI C-D);B-IKT;
286;Labudík;Oliver;28. 06. 2007;1044/728;labudikoliver2@gmail.com;cd300 (BA-FEI-FEI C-D) - 29.04.2026, 14:00;14:00;29.04.2026;cd300 (BA-FEI-FEI C-D);B-RK;
287;Labudík;Patrik;28. 06. 2007;0947/728;patko935@gmail.com;de300 (BA-FEI-FEI D-E) - 30.04.2026, 12:00;12:00;30.04.2026;de300 (BA-FEI-FEI D-E);B-ESNC;
288;Langer;Daniel;11. 08. 2006;0068/728;dankolanger@gmail.com;bc300 (BA-FEI-FEI B-C) - 29.04.2026, 12:00;12:00;29.04.2026;bc300 (BA-FEI-FEI B-C);B-API;
289;Lapšanský;Simon;29. 04. 2007;1045/728;lapsansky.simi@gmail.com;bc300 (BA-FEI-FEI B-C) - 29.04.2026, 12:00;12:00;29.04.2026;bc300 (BA-FEI-FEI B-C);B-API;
290;Laptosh;Illia;30. 12. 2007;0948/728;illia.laptosh@student.tuke.sk;bc300 (BA-FEI-FEI B-C) - 29.04.2026, 12:00;12:00;29.04.2026;bc300 (BA-FEI-FEI B-C);B-API;
291;László;Martin;21. 05. 2007;1112/728;martin1laszlo@gmail.com;bc300 (BA-FEI-FEI B-C) - 29.04.2026, 12:00;12:00;29.04.2026;bc300 (BA-FEI-FEI B-C);B-API;
292;Lašák;Attila;15. 01. 2005;1261/728;ati.lasak9@gmail.com;bc300 (BA-FEI-FEI B-C) - 29.04.2026, 12:00;12:00;29.04.2026;bc300 (BA-FEI-FEI B-C);B-API;
293;Lelkes;Tibor;09. 11. 2006;1113/728;lelkestibor7@gmail.com;bc300 (BA-FEI-FEI B-C) - 29.04.2026, 12:00;12:00;29.04.2026;bc300 (BA-FEI-FEI B-C);B-API;
294;Lenčeš;Filip;01. 07. 2006;0069/728;filipko.lences@gmail.com;bc300 (BA-FEI-FEI B-C) - 29.04.2026, 12:00;12:00;29.04.2026;bc300 (BA-FEI-FEI B-C);B-API;
295;Lenčeš;Maximilián;24. 03. 2007;0468/728;max24lences@gmail.com;cd300 (BA-FEI-FEI C-D) - 29.04.2026, 14:00;14:00;29.04.2026;cd300 (BA-FEI-FEI C-D);B-RK;
296;Lendiel;Rostyslav;30. 05. 2009;0193/728;europanacademy@gmail.com;cd300 (BA-FEI-FEI C-D) - 30.04.2026, 12:00;12:00;30.04.2026;cd300 (BA-FEI-FEI C-D);B-IKT;
297;Lepskyi;Maksym;16. 05. 2006;0582/728;lepskyimaksym23@gmail.com;bc300 (BA-FEI-FEI B-C) - 29.04.2026, 12:00;12:00;29.04.2026;bc300 (BA-FEI-FEI B-C);B-API;
298;Leščinský;Matej;14. 11. 2006;0827/728;matej.lescinsky@gmail.com;bc300 (BA-FEI-FEI B-C) - 29.04.2026, 12:00;12:00;29.04.2026;bc300 (BA-FEI-FEI B-C);B-API;
299;Levkulych;Stanislav;21. 09. 2009;0583/728;staslevkulic79@gmail.com;bc300 (BA-FEI-FEI B-C) - 29.04.2026, 12:00;12:00;29.04.2026;bc300 (BA-FEI-FEI B-C);B-API;
300;Liang;Róbert Zhi Bin;02. 01. 2007;0070/728;robert29liang@gmail.com;bc300 (BA-FEI-FEI B-C) - 29.04.2026, 12:00;12:00;29.04.2026;bc300 (BA-FEI-FEI B-C);B-API;
301;Libich;Šimon;28. 03. 2006;1048/728;libich787@gmail.com;de300 (BA-FEI-FEI D-E) - 29.04.2026, 14:00;14:00;29.04.2026;de300 (BA-FEI-FEI D-E);B-DT;
302;Lipka;Martin;10. 05. 2006;0828/728;lipka.mako@gmail.com;cd300 (BA-FEI-FEI C-D) - 29.04.2026, 14:00;14:00;29.04.2026;cd300 (BA-FEI-FEI C-D);B-RK;
303;Líška;Rastislav;04. 06. 2007;0194/728;liskarasko@gmail.com;cd300 (BA-FEI-FEI C-D) - 30.04.2026, 12:00;12:00;30.04.2026;cd300 (BA-FEI-FEI C-D);B-IKT;
304;Lizák;Martin;05. 10. 2006;1049/728;martin.lizak06@gmail.com;cd300 (BA-FEI-FEI C-D) - 29.04.2026, 14:00;14:00;29.04.2026;cd300 (BA-FEI-FEI C-D);B-RK;
305;Lizsica;Gabriel;22. 04. 2007;0801/728;gabor.lizsica@gmail.com;bc300 (BA-FEI-FEI B-C) - 29.04.2026, 12:00;12:00;29.04.2026;bc300 (BA-FEI-FEI B-C);B-API;x
306;Lizsica;Gabriel;22. 04. 2007;0803/728;gabor.lizsica@gmail.com;de300 (BA-FEI-FEI D-E) - 30.04.2026, 12:00;12:00;30.04.2026;de300 (BA-FEI-FEI D-E);B-ESNC;x
307;Loboda;Artem;01. 07. 2009;0071/728;artem.loboda@kabinet.net.ua;bc300 (BA-FEI-FEI B-C) - 29.04.2026, 12:00;12:00;29.04.2026;bc300 (BA-FEI-FEI B-C);B-API;
308;Lobusov;Oleksii;21. 10. 2008;0585/728;oleksii.lobusov@logoscentrum.com;cd300 (BA-FEI-FEI C-D) - 29.04.2026, 14:00;14:00;29.04.2026;cd300 (BA-FEI-FEI C-D);B-RK;
309;Lomenová;Eliška;04. 04. 2007;0621/728;lomenovae@gmail.com;cd300 (BA-FEI-FEI C-D) - 29.04.2026, 14:00;14:00;29.04.2026;cd300 (BA-FEI-FEI C-D);B-RK;
310;Lovás;Matej;07. 07. 2006;0368/728;maco.lovas@gmail.com;bc300 (BA-FEI-FEI B-C) - 29.04.2026, 12:00;12:00;29.04.2026;bc300 (BA-FEI-FEI B-C);B-API;
311;Lucíková;Júlia;08. 06. 2007;1050/728;julialucikova@gmail.com;de300 (BA-FEI-FEI D-E) - 30.04.2026, 12:00;12:00;30.04.2026;de300 (BA-FEI-FEI D-E);B-ESNC;
312;Lukačka;Viktor;17. 10. 2006;0327/728;viktor.lukacka@gmail.com;bc300 (BA-FEI-FEI B-C) - 29.04.2026, 12:00;12:00;29.04.2026;bc300 (BA-FEI-FEI B-C);B-API;
313;Lupták;Matúš;27. 08. 2007;0072/728;lupmatusak@gmail.com;bc300 (BA-FEI-FEI B-C) - 29.04.2026, 12:00;12:00;29.04.2026;bc300 (BA-FEI-FEI B-C);B-API;
314;Lytvyniuk;Ivan;09. 09. 2008;0328/728;europanacademy@gmail.com;bc300 (BA-FEI-FEI B-C) - 29.04.2026, 12:00;12:00;29.04.2026;bc300 (BA-FEI-FEI B-C);B-API;
315;Maďar;Matej;09. 09. 2006;1051/728;matko.madar@gmail.com;cd300 (BA-FEI-FEI C-D) - 29.04.2026, 14:00;14:00;29.04.2026;cd300 (BA-FEI-FEI C-D);B-RK;
316;Mader;Filip;23. 02. 2007;0158/728;filipko.mader@gmial.com;cd300 (BA-FEI-FEI C-D) - 29.04.2026, 14:00;14:00;29.04.2026;cd300 (BA-FEI-FEI C-D);B-RK;
317;Maina;Osborn;29. 05. 2002;0207/728;mainaosborn@gmail.com;de300 (BA-FEI-FEI D-E) - 30.04.2026, 12:00;12:00;30.04.2026;de300 (BA-FEI-FEI D-E);B-ESNC;
318;Makhota;Mykhailo;10. 03. 2008;0073/728;mykhailo.makhota@ukr.net;bc300 (BA-FEI-FEI B-C) - 29.04.2026, 12:00;12:00;29.04.2026;bc300 (BA-FEI-FEI B-C);B-API;
319;Maksymenko;Danylo;07. 04. 2009;0469/728;maksymenko.danylo.romanovych@gmail.com;bc300 (BA-FEI-FEI B-C) - 29.04.2026, 12:00;12:00;29.04.2026;bc300 (BA-FEI-FEI B-C);B-API;
320;Maksymenko;Dmytro;07. 04. 2009;0470/728;dmytro.maksymenko.romanovych@gmail.com;bc300 (BA-FEI-FEI B-C) - 29.04.2026, 12:00;12:00;29.04.2026;bc300 (BA-FEI-FEI B-C);B-API;
321;Málik;Timur;19. 04. 2007;0949/728;maliktimur2007@gmail.com;de300 (BA-FEI-FEI D-E) - 29.04.2026, 14:00;14:00;29.04.2026;de300 (BA-FEI-FEI D-E);B-DT;
322;Malikov;Myroslav;02. 09. 2008;0074/728;myroslav.malikov@gmail.com;bc300 (BA-FEI-FEI B-C) - 29.04.2026, 12:00;12:00;29.04.2026;bc300 (BA-FEI-FEI B-C);B-API;
323;Malíková;Lucia;09. 07. 2003;1262/728;superlucka38@gmail.com;cd300 (BA-FEI-FEI C-D) - 29.04.2026, 14:00;14:00;29.04.2026;cd300 (BA-FEI-FEI C-D);B-RK;
324;Malysh;Yehor;11. 06. 2007;0428/728;malysh6010@gmail.com;bc300 (BA-FEI-FEI B-C) - 29.04.2026, 12:00;12:00;29.04.2026;bc300 (BA-FEI-FEI B-C);B-API;
325;Mandryk;Bohdan;18. 04. 2001;0075/728;bohdan.mandryk.2001@gmail.com;bc300 (BA-FEI-FEI B-C) - 29.04.2026, 12:00;12:00;29.04.2026;bc300 (BA-FEI-FEI B-C);B-API;
326;Manduch;Nikola;09. 01. 2007;0209/728;nikolamanduch@gmail.com;de300 (BA-FEI-FEI D-E) - 30.04.2026, 12:00;12:00;30.04.2026;de300 (BA-FEI-FEI D-E);B-ESNC;
327;Mandzych;Denys;16. 11. 2009;0076/728;denys.mandzych@kabinet.website;bc300 (BA-FEI-FEI B-C) - 29.04.2026, 12:00;12:00;29.04.2026;bc300 (BA-FEI-FEI B-C);B-API;
328;Manek;Lukáš;09. 10. 2006;1052/728;maneklukas7@gmail.com;cd300 (BA-FEI-FEI C-D) - 30.04.2026, 12:00;12:00;30.04.2026;cd300 (BA-FEI-FEI C-D);B-IKT;
329;Marko;Andrej;28. 11. 2006;0511/728;andrej.marko.sr@gmail.com;bc300 (BA-FEI-FEI B-C) - 29.04.2026, 12:00;12:00;29.04.2026;bc300 (BA-FEI-FEI B-C);B-API;
330;Marko;Matúš;27. 02. 2007;0705/728;matusmarko07@gmail.com;bc300 (BA-FEI-FEI B-C) - 29.04.2026, 12:00;12:00;29.04.2026;bc300 (BA-FEI-FEI B-C);B-API;
331;Markov;Yehor;08. 07. 2010;0950/728;markov.yehor@leostudy.org;bc300 (BA-FEI-FEI B-C) - 29.04.2026, 12:00;12:00;29.04.2026;bc300 (BA-FEI-FEI B-C);B-API;
332;Martinka;Samuel;07. 04. 2006;0706/728;oosamuelson04@gmail.com;bc300 (BA-FEI-FEI B-C) - 29.04.2026, 12:00;12:00;29.04.2026;bc300 (BA-FEI-FEI B-C);B-API;
333;Martinová;Sára;12. 01. 2007;0471/728;martinkovasara1@gmail.com;cd300 (BA-FEI-FEI C-D) - 30.04.2026, 12:00;12:00;30.04.2026;cd300 (BA-FEI-FEI C-D);B-IKT;
334;Masanovets;Yurii;27. 11. 2008;0077/728;yurii.masanovets1@gmail.com;bc300 (BA-FEI-FEI B-C) - 29.04.2026, 12:00;12:00;29.04.2026;bc300 (BA-FEI-FEI B-C);B-API;
335;Maťaš;Lukáš;04. 04. 2007;0755/728;matas.lukas02@gmail.com;bc300 (BA-FEI-FEI B-C) - 29.04.2026, 12:00;12:00;29.04.2026;bc300 (BA-FEI-FEI B-C);B-API;
336;Matejka;Richard;23. 04. 2007;0622/728;richard.matejka07@gmail.com;cd300 (BA-FEI-FEI C-D) - 30.04.2026, 12:00;12:00;30.04.2026;cd300 (BA-FEI-FEI C-D);B-IKT;
337;Matkovič;Timotej;30. 03. 2006;1264/728;timotejmatkovic@gmail.com;bc300 (BA-FEI-FEI B-C) - 29.04.2026, 12:00;12:00;29.04.2026;bc300 (BA-FEI-FEI B-C);B-API;
338;Matušák;Dávid;19. 06. 2007;0210/728;matusak.david@gmail.com;de300 (BA-FEI-FEI D-E) - 30.04.2026, 12:00;12:00;30.04.2026;de300 (BA-FEI-FEI D-E);B-ESNC;
339;Mečiar;Michal;12. 03. 2007;0078/728;meciar.michal7@gmail.com;bc300 (BA-FEI-FEI B-C) - 29.04.2026, 12:00;12:00;29.04.2026;bc300 (BA-FEI-FEI B-C);B-API;
340;Meliška;Samuel;22. 11. 2004;0829/728;samvideoin@gmail.com;bc300 (BA-FEI-FEI B-C) - 30.04.2026, 12:00;12:00;30.04.2026;bc300 (BA-FEI-FEI B-C);B-DT;
341;Mellen;Samuel;13. 08. 2007;0830/728;samomellen@gmail.com;bc300 (BA-FEI-FEI B-C) - 30.04.2026, 12:00;12:00;30.04.2026;bc300 (BA-FEI-FEI B-C);B-DT;
342;Mezey;Richard;30. 07. 2006;0234/728;riki.mezey@gmail.com;bc300 (BA-FEI-FEI B-C) - 30.04.2026, 12:00;12:00;30.04.2026;bc300 (BA-FEI-FEI B-C);B-DT;
343;Mezovský;Tomáš;21. 06. 2007;0520/728;tomasmezovsky56@gmail.com;bc300 (BA-FEI-FEI B-C) - 29.04.2026, 12:00;12:00;29.04.2026;bc300 (BA-FEI-FEI B-C);B-API;
344;Mezvrishvili;Roman;02. 07. 2008;0353/728;skroman.mezv@gmail.com;bc300 (BA-FEI-FEI B-C) - 29.04.2026, 12:00;12:00;29.04.2026;bc300 (BA-FEI-FEI B-C);B-API;
345;Mičieta;Matúš;14. 02. 2007;0756/728;matus.micieta@gmail.com;bc300 (BA-FEI-FEI B-C) - 29.04.2026, 12:00;12:00;29.04.2026;bc300 (BA-FEI-FEI B-C);B-API;
346;Mičko;Samuel;31. 07. 2007;0707/728;samuelmicko123@gmail.com;bc300 (BA-FEI-FEI B-C) - 29.04.2026, 12:00;12:00;29.04.2026;bc300 (BA-FEI-FEI B-C);B-API;
347;Mihálik;Andrej;22. 03. 2007;0412/728;andrejmihalik22@gmail.com;bc300 (BA-FEI-FEI B-C) - 30.04.2026, 12:00;12:00;30.04.2026;bc300 (BA-FEI-FEI B-C);B-DT;
348;Miklós;Zoltán;19. 05. 2004;0329/728;miklos.zoltan666@gmail.com;bc300 (BA-FEI-FEI B-C) - 29.04.2026, 12:00;12:00;29.04.2026;bc300 (BA-FEI-FEI B-C);B-API;
349;Mikula;Adam;15. 06. 2007;0757/728;adammikula215@gmail.com;bc300 (BA-FEI-FEI B-C) - 29.04.2026, 12:00;12:00;29.04.2026;bc300 (BA-FEI-FEI B-C);B-API;
350;Mitický;Tomáš;16. 05. 2007;1265/728;t.miticky07@gmail.com;cd300 (BA-FEI-FEI C-D) - 29.04.2026, 14:00;14:00;29.04.2026;cd300 (BA-FEI-FEI C-D);B-RK;
351;Mitusov;Mykhailo;30. 12. 2008;0951/728;mitusov.mykhailo@leostudy.org;bc300 (BA-FEI-FEI B-C) - 29.04.2026, 12:00;12:00;29.04.2026;bc300 (BA-FEI-FEI B-C);B-API;
352;Mlej;Samuel Sebastian;12. 09. 2006;0652/728;samuel.sebastian.mlej@gmail.com;bc300 (BA-FEI-FEI B-C) - 29.04.2026, 12:00;12:00;29.04.2026;bc300 (BA-FEI-FEI B-C);B-API;
353;Mlynek;Martin Milan;09. 09. 2006;0161/728;m.martinmlynek@gmail.com;cd300 (BA-FEI-FEI C-D) - 29.04.2026, 14:00;14:00;29.04.2026;cd300 (BA-FEI-FEI C-D);B-RK;
354;Mocsi;Barnabás;13. 11. 2006;1053/728;mocsib@gmail.com;bc300 (BA-FEI-FEI B-C) - 29.04.2026, 12:00;12:00;29.04.2026;bc300 (BA-FEI-FEI B-C);B-API;
355;Mokernko;Kateryna;09. 12. 2005;0831/728;kkateryna.mokrenko@gmail.com;bc300 (BA-FEI-FEI B-C) - 30.04.2026, 12:00;12:00;30.04.2026;bc300 (BA-FEI-FEI B-C);B-DT;
356;Monček;Marek;03. 03. 2007;1054/728;marekmoncek75@gmail.com;bc300 (BA-FEI-FEI B-C) - 30.04.2026, 12:00;12:00;30.04.2026;bc300 (BA-FEI-FEI B-C);B-DT;
357;Moravanský;Adrián;26. 09. 2006;1116/728;adrian.moravansky68@gmail.com;cd300 (BA-FEI-FEI C-D) - 30.04.2026, 12:00;12:00;30.04.2026;cd300 (BA-FEI-FEI C-D);B-IKT;
358;Morecz;Oliver;29. 06. 2007;0708/728;olivermorecz@gmail.com;bc300 (BA-FEI-FEI B-C) - 29.04.2026, 12:00;12:00;29.04.2026;bc300 (BA-FEI-FEI B-C);B-API;
359;Morozko;Veronika;30. 06. 2006;0330/728;veronikamorozko5@gmail.com;bc300 (BA-FEI-FEI B-C) - 29.04.2026, 12:00;12:00;29.04.2026;bc300 (BA-FEI-FEI B-C);B-API;
360;Mozghovyi;Denys;19. 03. 2007;1117/728;denmozgouy@gmail.com;bc300 (BA-FEI-FEI B-C) - 29.04.2026, 12:00;12:00;29.04.2026;bc300 (BA-FEI-FEI B-C);B-API;
361;Muríňová;Vivian;13. 11. 2007;1055/728;vmur2655@gmail.com;cd300 (BA-FEI-FEI C-D) - 29.04.2026, 14:00;14:00;29.04.2026;cd300 (BA-FEI-FEI C-D);B-RK;
362;Mushka;Viktor;08. 06. 2006;0709/728;victor.mushka@icloud.com;bc300 (BA-FEI-FEI B-C) - 29.04.2026, 12:00;12:00;29.04.2026;bc300 (BA-FEI-FEI B-C);B-API;
363;Mysan;Anhelina;05. 08. 2009;0623/728;misanangelina6@gmail.com;bc300 (BA-FEI-FEI B-C) - 29.04.2026, 12:00;12:00;29.04.2026;bc300 (BA-FEI-FEI B-C);B-API;
364;Nagy;Dániel;10. 05. 2005;0521/728;ndani8415@gmail.com;bc300 (BA-FEI-FEI B-C) - 29.04.2026, 12:00;12:00;29.04.2026;bc300 (BA-FEI-FEI B-C);B-API;
365;Nagy;Dominik;15. 07. 2007;0079/728;dominiknagy776@gmail.com;bc150 (BA-FEI-FEI B-C) - 29.04.2026, 12:00;12:00;29.04.2026;bc150 (BA-FEI-FEI B-C);B-API;
366;Nazarenko;Daria;06. 01. 2009;0162/728;daria.nazarenko@kabinet.website;cd300 (BA-FEI-FEI C-D) - 29.04.2026, 14:00;14:00;29.04.2026;cd300 (BA-FEI-FEI C-D);B-RK;
367;Nedoluha;Volodymyr;12. 01. 2009;0832/728;nedoluhavolodymyr@gmail.com;bc150 (BA-FEI-FEI B-C) - 29.04.2026, 12:00;12:00;29.04.2026;bc150 (BA-FEI-FEI B-C);B-API;
368;Nehria;Oleksandr;23. 08. 2007;0332/728;n207sasha@gmail.com;bc150 (BA-FEI-FEI B-C) - 29.04.2026, 12:00;12:00;29.04.2026;bc150 (BA-FEI-FEI B-C);B-API;
369;Nekhaiev;Yurii;16. 06. 2009;0081/728;nekhaiev.yurii@ukr.net;bc150 (BA-FEI-FEI B-C) - 29.04.2026, 12:00;12:00;29.04.2026;bc150 (BA-FEI-FEI B-C);B-API;
370;Nemčovič;Erik;20. 08. 2006;1120/728;erik.nemcovic@gmail.com;bc150 (BA-FEI-FEI B-C) - 29.04.2026, 12:00;12:00;29.04.2026;bc150 (BA-FEI-FEI B-C);B-API;
371;Nestrugina;Elizaveta;17. 01. 2008;0473/728;lee.nes6047@gmail.com;cd300 (BA-FEI-FEI C-D) - 29.04.2026, 14:00;14:00;29.04.2026;cd300 (BA-FEI-FEI C-D);B-RK;
372;Novák;Bohdan;13. 09. 2006;0711/728;nbohdan06@gmail.com;bc150 (BA-FEI-FEI B-C) - 29.04.2026, 12:00;12:00;29.04.2026;bc150 (BA-FEI-FEI B-C);B-API;
373;Novotňák;Adam;03. 06. 2007;1056/728;adamnovotnak@gmail.com;cd300 (BA-FEI-FEI C-D) - 30.04.2026, 12:00;12:00;30.04.2026;cd300 (BA-FEI-FEI C-D);B-IKT;
374;Novotný;Pavol;09. 03. 2007;1057/728;pavol7002@gmail.com;bc150 (BA-FEI-FEI B-C) - 29.04.2026, 12:00;12:00;29.04.2026;bc150 (BA-FEI-FEI B-C);B-API;
375;Obuh;David;12. 07. 2007;0413/728;david.obuch.do@gmail.com;bc150 (BA-FEI-FEI B-C) - 29.04.2026, 12:00;12:00;29.04.2026;bc150 (BA-FEI-FEI B-C);B-API;
376;Očkaják;Šimon;14. 06. 2007;0474/728;simonockajak@gmail.com;cd300 (BA-FEI-FEI C-D) - 29.04.2026, 14:00;14:00;29.04.2026;cd300 (BA-FEI-FEI C-D);B-RK;
377;Oliinykov;Illia;31. 05. 2008;0429/728;illia.oliinykov@kabinet.net.ua;cd300 (BA-FEI-FEI C-D) - 30.04.2026, 12:00;12:00;30.04.2026;cd300 (BA-FEI-FEI C-D);B-IKT;
378;Ölveczki;Patrik;15. 12. 2006;0712/728;olveczkipatrik@gmail.com;bc150 (BA-FEI-FEI B-C) - 29.04.2026, 12:00;12:00;29.04.2026;bc150 (BA-FEI-FEI B-C);B-API;
379;Ondraščin;Filip;30. 05. 2007;1266/728;filipondrascin18@gmail.com;cd300 (BA-FEI-FEI C-D) - 29.04.2026, 14:00;14:00;29.04.2026;cd300 (BA-FEI-FEI C-D);B-RK;
380;Ondrušek;Adam Sebastián;09. 07. 2006;1144/728;adam.s.ondrusek@gmail.com;bc300 (BA-FEI-FEI B-C) - 30.04.2026, 12:00;12:00;30.04.2026;bc300 (BA-FEI-FEI B-C);B-DT;
381;Ontko;Radovan;15. 09. 2006;1267/728;ontko.radko2@gmail.com;bc150 (BA-FEI-FEI B-C) - 29.04.2026, 12:00;12:00;29.04.2026;bc150 (BA-FEI-FEI B-C);B-API;
382;Orlický;Patrik;13. 03. 2007;0475/728;patrik1orlicky@gmail.com;de300 (BA-FEI-FEI D-E) - 30.04.2026, 12:00;12:00;30.04.2026;de300 (BA-FEI-FEI D-E);B-ESNC;
383;Orolin;Tomáš;09. 10. 2006;0084/728;tomas.orolin16@icloud.com;bc150 (BA-FEI-FEI B-C) - 29.04.2026, 12:00;12:00;29.04.2026;bc150 (BA-FEI-FEI B-C);B-API;
384;Pajer;Jakub;14. 12. 2005;0415/728;jakubpajer256@gmail.com;cd300 (BA-FEI-FEI C-D) - 29.04.2026, 14:00;14:00;29.04.2026;cd300 (BA-FEI-FEI C-D);B-RK;
385;Pálinkás;Ladislav;13. 10. 2004;0512/728;laszlocska2004@gmail.com;bc150 (BA-FEI-FEI B-C) - 29.04.2026, 12:00;12:00;29.04.2026;bc150 (BA-FEI-FEI B-C);B-API;
386;Palko;Tomáš;26. 05. 2007;0833/728;palkotomas07@gmail.com;cd300 (BA-FEI-FEI C-D) - 29.04.2026, 14:00;14:00;29.04.2026;cd300 (BA-FEI-FEI C-D);B-RK;
387;Parasotskyi;Roman;05. 01. 2009;0238/728;r.parasotskyi@luxit.sk;bc300 (BA-FEI-FEI B-C) - 30.04.2026, 12:00;12:00;30.04.2026;bc300 (BA-FEI-FEI B-C);B-DT;
388;Parfeniuk;Oleksandr;07. 01. 2009;0476/728;parfeniuk.oleksandr@ukr.net;bc300 (BA-FEI-FEI B-C) - 30.04.2026, 12:00;12:00;30.04.2026;bc300 (BA-FEI-FEI B-C);B-DT;
389;Pasiechko;Nikolai;29. 09. 2008;0085/728;nikolai.pasiechko@kabinet.website;bc150 (BA-FEI-FEI B-C) - 29.04.2026, 12:00;12:00;29.04.2026;bc150 (BA-FEI-FEI B-C);B-API;
390;Pastierik;Filip;26. 06. 2007;0086/728;filippastierik@gmail.com;bc150 (BA-FEI-FEI B-C) - 29.04.2026, 12:00;12:00;29.04.2026;bc150 (BA-FEI-FEI B-C);B-API;
391;Patayová;Júlia;14. 10. 2006;0333/728;juliapatayova@gmail.com;bc150 (BA-FEI-FEI B-C) - 29.04.2026, 12:00;12:00;29.04.2026;bc150 (BA-FEI-FEI B-C);B-API;
392;Pavlenko;Mykhailo;19. 11. 2008;0087/728;europanacademy@gmail.com;bc150 (BA-FEI-FEI B-C) - 29.04.2026, 12:00;12:00;29.04.2026;bc150 (BA-FEI-FEI B-C);B-API;
393;Pavlíček;Norbert;02. 01. 2005;1121/728;pavliceknoro3@gmail.com;bc150 (BA-FEI-FEI B-C) - 29.04.2026, 12:00;12:00;29.04.2026;bc150 (BA-FEI-FEI B-C);B-API;
394;Pavlík;Juraj;24. 08. 2006;1122/728;jurajpavlik1010@gmail.com;bc150 (BA-FEI-FEI B-C) - 29.04.2026, 12:00;12:00;29.04.2026;bc150 (BA-FEI-FEI B-C);B-API;
395;Pavliščík;Richard;01. 01. 2006;1268/728;rikpavliscik@gmail.com;cd300 (BA-FEI-FEI C-D) - 29.04.2026, 14:00;14:00;29.04.2026;cd300 (BA-FEI-FEI C-D);B-RK;
396;Pazychenko;Dmytro;16. 05. 2009;0088/728;dpazuchenko1927o@gmail.com;bc150 (BA-FEI-FEI B-C) - 29.04.2026, 12:00;12:00;29.04.2026;bc150 (BA-FEI-FEI B-C);B-API;
397;Pecho;Martin;29. 09. 2007;1124/728;pecho.matko@gmail.com;bc150 (BA-FEI-FEI B-C) - 29.04.2026, 12:00;12:00;29.04.2026;bc150 (BA-FEI-FEI B-C);B-API;
398;Pekara;Lukáš;20. 12. 2005;0089/728;pekaralukasko@gmail.com;bc150 (BA-FEI-FEI B-C) - 29.04.2026, 12:00;12:00;29.04.2026;bc150 (BA-FEI-FEI B-C);B-API;
399;Peternai;Samuel;14. 12. 2006;0952/728;samuel.peternai@gmail.com;bc150 (BA-FEI-FEI B-C) - 29.04.2026, 12:00;12:00;29.04.2026;bc150 (BA-FEI-FEI B-C);B-API;
400;Petíková;Karin;23. 12. 2005;0090/728;petikovakarin@outlook.com;bc150 (BA-FEI-FEI B-C) - 29.04.2026, 12:00;12:00;29.04.2026;bc150 (BA-FEI-FEI B-C);B-API;
401;Petrík;Matej;31. 01. 2007;0431/728;matejpetrik15@gmail.com;cd300 (BA-FEI-FEI C-D) - 29.04.2026, 14:00;14:00;29.04.2026;cd300 (BA-FEI-FEI C-D);B-RK;
402;Petrina;Juraj;27. 11. 2006;1059/728;jpetrina99@gmail.com;bc150 (BA-FEI-FEI B-C) - 29.04.2026, 12:00;12:00;29.04.2026;bc150 (BA-FEI-FEI B-C);B-API;
403;Petro;Dominik;09. 01. 2007;1126/728;domkopetro@gmail.com;bc150 (BA-FEI-FEI B-C) - 29.04.2026, 12:00;12:00;29.04.2026;bc150 (BA-FEI-FEI B-C);B-API;
404;Petrovčin;Michal;30. 10. 2007;1061/728;petrovcin.michal12@gmail.com;de300 (BA-FEI-FEI D-E) - 29.04.2026, 12:00;12:00;29.04.2026;de300 (BA-FEI-FEI D-E);B-API;
405;Pivko;Martin;12. 11. 2006;0091/728;martinpivko001@gmail.com;de300 (BA-FEI-FEI D-E) - 29.04.2026, 12:00;12:00;29.04.2026;de300 (BA-FEI-FEI D-E);B-API;
406;Plačko;Tomáš;19. 10. 2006;1270/728;tomas.placko9@gmail.com;de300 (BA-FEI-FEI D-E) - 30.04.2026, 12:00;12:00;30.04.2026;de300 (BA-FEI-FEI D-E);B-ESNC;
407;Plankó;Alexandra;09. 10. 2006;0092/728;10pl.alexandra10@gmail.com;de300 (BA-FEI-FEI D-E) - 29.04.2026, 12:00;12:00;29.04.2026;de300 (BA-FEI-FEI D-E);B-API;
408;Plišková;Lucia;15. 11. 2006;0834/728;lucia.pliskova@gymnaziumkk.sk;bc300 (BA-FEI-FEI B-C) - 30.04.2026, 12:00;12:00;30.04.2026;bc300 (BA-FEI-FEI B-C);B-DT;
409;Podorvan;Andrii;26. 10. 2000;1062/728;andriipodorvan@gmail.com;de300 (BA-FEI-FEI D-E) - 29.04.2026, 12:00;12:00;29.04.2026;de300 (BA-FEI-FEI D-E);B-API;
410;Pokusai;Daniil;16. 03. 2007;0954/728;pokusai320@gmail.com;de300 (BA-FEI-FEI D-E) - 29.04.2026, 12:00;12:00;29.04.2026;de300 (BA-FEI-FEI D-E);B-API;
411;Poliak;Rastislav;04. 09. 2006;0477/728;poliakrastislav2@gmail.com;de300 (BA-FEI-FEI D-E) - 29.04.2026, 12:00;12:00;29.04.2026;de300 (BA-FEI-FEI D-E);B-API;
412;Políček;Jakub;10. 02. 2007;0835/728;jakubpoli77@gmail.com;de300 (BA-FEI-FEI D-E) - 29.04.2026, 12:00;12:00;29.04.2026;de300 (BA-FEI-FEI D-E);B-API;
413;Polishchuk;Artem;25. 06. 2006;0093/728;chanelenot@gmail.com;de300 (BA-FEI-FEI D-E) - 29.04.2026, 12:00;12:00;29.04.2026;de300 (BA-FEI-FEI D-E);B-API;
414;Polishchuk;Viacheslav;24. 02. 2009;0955/728;uchadzac2026@gmail.com;de300 (BA-FEI-FEI D-E) - 29.04.2026, 12:00;12:00;29.04.2026;de300 (BA-FEI-FEI D-E);B-API;
415;Pomahač;Marek;28. 02. 2007;0589/728;keram.cahamop@gmail.com;de300 (BA-FEI-FEI D-E) - 29.04.2026, 12:00;12:00;29.04.2026;de300 (BA-FEI-FEI D-E);B-API;
416;Ponomarov;Illia;02. 08. 2002;0416/728;xponomarov@stuba.sk;de300 (BA-FEI-FEI D-E) - 29.04.2026, 12:00;12:00;29.04.2026;de300 (BA-FEI-FEI D-E);B-API;
417;Pónya;Ferenc Dániel;27. 01. 2005;0094/728;ponyaferencdaniel@gmail.com;de300 (BA-FEI-FEI D-E) - 29.04.2026, 12:00;12:00;29.04.2026;de300 (BA-FEI-FEI D-E);B-API;
418;Poroshyn;Yevhenii;15. 06. 2007;0239/728;yevheniiporoshyn@gmail.com;bc300 (BA-FEI-FEI B-C) - 30.04.2026, 12:00;12:00;30.04.2026;bc300 (BA-FEI-FEI B-C);B-DT;
419;Porubský;Pavol;01. 05. 2007;0758/728;pali.porubsky@gmail.com;cd300 (BA-FEI-FEI C-D) - 30.04.2026, 12:00;12:00;30.04.2026;cd300 (BA-FEI-FEI C-D);B-IKT;
420;Postoronka;Maksym;21. 05. 2009;0335/728;maksim.postoronka42@gmail.com;cd300 (BA-FEI-FEI C-D) - 30.04.2026, 12:00;12:00;30.04.2026;cd300 (BA-FEI-FEI C-D);B-IKT;
421;Priebojová;Karin;02. 10. 2005;0095/728;kprieboj@gmail.com;de300 (BA-FEI-FEI D-E) - 29.04.2026, 12:00;12:00;29.04.2026;de300 (BA-FEI-FEI D-E);B-API;
422;Prokopenko;Mykhailo;23. 11. 2008;0836/728;sydelnykov.se.mes@gmail.com;cd300 (BA-FEI-FEI C-D) - 29.04.2026, 14:00;14:00;29.04.2026;cd300 (BA-FEI-FEI C-D);B-RK;
423;Prosnitskyi;Yan;07. 03. 2009;0716/728;yanprosnitskyi@gmail.com;cd300 (BA-FEI-FEI C-D) - 29.04.2026, 14:00;14:00;29.04.2026;cd300 (BA-FEI-FEI C-D);B-RK;
424;Protsenko;Artem;29. 04. 2008;0418/728;protsenkoarteminf@gmail.com;de300 (BA-FEI-FEI D-E) - 29.04.2026, 12:00;12:00;29.04.2026;de300 (BA-FEI-FEI D-E);B-API;
425;Prytula;Vladyslav;05. 08. 2008;0096/728;prytula.vladyslav@ukr.net;de300 (BA-FEI-FEI D-E) - 29.04.2026, 12:00;12:00;29.04.2026;de300 (BA-FEI-FEI D-E);B-API;
426;Pudiš;Jakub;05. 04. 2007;1065/728;jakubo.pudis@gmail.com;cd300 (BA-FEI-FEI C-D) - 30.04.2026, 12:00;12:00;30.04.2026;cd300 (BA-FEI-FEI C-D);B-IKT;
427;Pudiš;Martin;24. 05. 2006;0241/728;pudismartin@gmail.com;bc300 (BA-FEI-FEI B-C) - 30.04.2026, 12:00;12:00;30.04.2026;bc300 (BA-FEI-FEI B-C);B-DT;
428;Pukhalska;Sofiia;05. 10. 2006;0097/728;sofiyapukhalskaya@icloud.com;de300 (BA-FEI-FEI D-E) - 29.04.2026, 12:00;12:00;29.04.2026;de300 (BA-FEI-FEI D-E);B-API;
429;Qiu;Yingcheng;08. 03. 2004;0717/728;qiu525846@gmail.com;de300 (BA-FEI-FEI D-E) - 29.04.2026, 12:00;12:00;29.04.2026;de300 (BA-FEI-FEI D-E);B-API;
430;Rábara;Dávid;19. 03. 2007;0653/728;rabaradavid@gmail.com;de300 (BA-FEI-FEI D-E) - 29.04.2026, 12:00;12:00;29.04.2026;de300 (BA-FEI-FEI D-E);B-API;
431;Rácz;Patrik;20. 06. 2005;0336/728;patrac707@gmail.com;de300 (BA-FEI-FEI D-E) - 30.04.2026, 12:00;12:00;30.04.2026;de300 (BA-FEI-FEI D-E);B-ESNC;
432;Rajnoha;Levente;25. 03. 2007;1129/728;rajnohalevente998@gmail.com;cd300 (BA-FEI-FEI C-D) - 30.04.2026, 12:00;12:00;30.04.2026;cd300 (BA-FEI-FEI C-D);B-IKT;
433;Rapko;Damián;10. 01. 2007;1271/728;rapkodamian3@gmail.com;bc300 (BA-FEI-FEI B-C) - 30.04.2026, 12:00;12:00;30.04.2026;bc300 (BA-FEI-FEI B-C);B-DT;
434;Rashkevych;Volodymyr;20. 01. 2009;1067/728;Volodymyr.Rashkevich@ukr.net;cd300 (BA-FEI-FEI C-D) - 29.04.2026, 14:00;14:00;29.04.2026;cd300 (BA-FEI-FEI C-D);B-RK;
435;Rekeň;Kristián;14. 07. 2004;0718/728;kikore04@gmail.com;de300 (BA-FEI-FEI D-E) - 29.04.2026, 12:00;12:00;29.04.2026;de300 (BA-FEI-FEI D-E);B-API;
436;Remiš;Jozef;19. 01. 2004;0805/728;jozremis@gmail.com;de300 (BA-FEI-FEI D-E) - 29.04.2026, 12:00;12:00;29.04.2026;de300 (BA-FEI-FEI D-E);B-API;
437;Repa;Robert;09. 02. 2001;0434/728;robertrepa2013@gmail.com;de300 (BA-FEI-FEI D-E) - 30.04.2026, 12:00;12:00;30.04.2026;de300 (BA-FEI-FEI D-E);B-ESNC;
438;Repáň;Ján;25. 12. 2006;0759/728;repanjan5@gmail.com;cd300 (BA-FEI-FEI C-D) - 29.04.2026, 14:00;14:00;29.04.2026;cd300 (BA-FEI-FEI C-D);B-RK;
439;Repka;Jakub;25. 05. 2006;0242/728;jakubkorepka1@gmail.com;bc300 (BA-FEI-FEI B-C) - 30.04.2026, 12:00;12:00;30.04.2026;bc300 (BA-FEI-FEI B-C);B-DT;
440;Reshetar;Illia;01. 09. 2008;0165/728;resetarolopp@gmail.com;cd300 (BA-FEI-FEI C-D) - 29.04.2026, 14:00;14:00;29.04.2026;cd300 (BA-FEI-FEI C-D);B-RK;
441;Reško;Boris;13. 11. 2006;1273/728;borisresko16@gmail.com;de300 (BA-FEI-FEI D-E) - 29.04.2026, 12:00;12:00;29.04.2026;de300 (BA-FEI-FEI D-E);B-API;
442;Rimovský;Marek;30. 03. 2007;0956/728;marek@rimovsky.sk;de300 (BA-FEI-FEI D-E) - 29.04.2026, 12:00;12:00;29.04.2026;de300 (BA-FEI-FEI D-E);B-API;
443;Riško;Adam;05. 10. 2006;0478/728;adam.riskovr@gmail.com;de300 (BA-FEI-FEI D-E) - 29.04.2026, 12:00;12:00;29.04.2026;de300 (BA-FEI-FEI D-E);B-API;
444;Rizman;Martin;16. 07. 2007;1068/728;rizman.martin.za@gmail.com;de300 (BA-FEI-FEI D-E) - 29.04.2026, 12:00;12:00;29.04.2026;de300 (BA-FEI-FEI D-E);B-API;
445;Rohal;Mykolai;18. 12. 2008;0098/728;rohal.mykolai@ukr.net;de300 (BA-FEI-FEI D-E) - 29.04.2026, 12:00;12:00;29.04.2026;de300 (BA-FEI-FEI D-E);B-API;
446;Rohovyi;Artem;02. 06. 2009;0099/728;artemrogovij2@gmail.com;de300 (BA-FEI-FEI D-E) - 29.04.2026, 12:00;12:00;29.04.2026;de300 (BA-FEI-FEI D-E);B-API;
447;Rojko;Juraj;28. 11. 2006;0100/728;jurajroj@gmail.com;de300 (BA-FEI-FEI D-E) - 29.04.2026, 12:00;12:00;29.04.2026;de300 (BA-FEI-FEI D-E);B-API;
448;Romanenko;Artem;29. 03. 2009;0957/728;romanenko.artem@leostudy.org;de300 (BA-FEI-FEI D-E) - 29.04.2026, 12:00;12:00;29.04.2026;de300 (BA-FEI-FEI D-E);B-API;x
449;Romanenko;Artem;29. 03. 2009;0958/728;romanenko.artem@leostudy.org;de300 (BA-FEI-FEI D-E) - 30.04.2026, 12:00;12:00;30.04.2026;de300 (BA-FEI-FEI D-E);B-ESNC;x
450;Romashov;Daniil;08. 06. 2008;0101/728;daniilromasov1@gmail.com;de300 (BA-FEI-FEI D-E) - 29.04.2026, 12:00;12:00;29.04.2026;de300 (BA-FEI-FEI D-E);B-API;
451;Rubín;Erik;03. 04. 2007;0625/728;rubin.erik88@gmail.com;de300 (BA-FEI-FEI D-E) - 29.04.2026, 12:00;12:00;29.04.2026;de300 (BA-FEI-FEI D-E);B-API;
452;Rudenko;Ihor;20. 09. 2008;0419/728;igorrudenkouman2@gmail.com;de300 (BA-FEI-FEI D-E) - 29.04.2026, 12:00;12:00;29.04.2026;de300 (BA-FEI-FEI D-E);B-API;
453;Rúsek;Oliver;26. 05. 2006;0591/728;oliver.rusek@gmail.com;de300 (BA-FEI-FEI D-E) - 29.04.2026, 12:00;12:00;29.04.2026;de300 (BA-FEI-FEI D-E);B-API;
454;Rybanský;Kristián;20. 03. 2007;0102/728;kikoryba@gmail.com;de300 (BA-FEI-FEI D-E) - 29.04.2026, 12:00;12:00;29.04.2026;de300 (BA-FEI-FEI D-E);B-API;
455;Rydzik;Dalibor;10. 11. 2006;0167/728;dalibor.rydzik@gmail.com;cd300 (BA-FEI-FEI C-D) - 29.04.2026, 14:00;14:00;29.04.2026;cd300 (BA-FEI-FEI C-D);B-RK;
456;Sabo;Samuel;17. 08. 2006;0103/728;aza74610@gmail.com;de300 (BA-FEI-FEI D-E) - 29.04.2026, 12:00;12:00;29.04.2026;de300 (BA-FEI-FEI D-E);B-API;
457;Sadovskii;Grigorii;06. 04. 2007;0719/728;sadovskiigrigorii2000@gmail.com;de300 (BA-FEI-FEI D-E) - 29.04.2026, 12:00;12:00;29.04.2026;de300 (BA-FEI-FEI D-E);B-API;
458;Safronov;Mykhailo;19. 10. 2008;0104/728;mykhailo.safronov@kabinet.website;de300 (BA-FEI-FEI D-E) - 29.04.2026, 12:00;12:00;29.04.2026;de300 (BA-FEI-FEI D-E);B-API;
459;Sako;Dominik;18. 09. 2006;0720/728;dominik.sako@gmail.com;de300 (BA-FEI-FEI D-E) - 29.04.2026, 12:00;12:00;29.04.2026;de300 (BA-FEI-FEI D-E);B-API;
460;Saliienko;Maksym;03. 01. 2009;0214/728;samsung21.05.2016j5@gmail.com;de300 (BA-FEI-FEI D-E) - 30.04.2026, 12:00;12:00;30.04.2026;de300 (BA-FEI-FEI D-E);B-ESNC;
461;Santus;Oliver;15. 04. 2007;0420/728;santus.oliver@gmail.com;cd300 (BA-FEI-FEI C-D) - 29.04.2026, 14:00;14:00;29.04.2026;cd300 (BA-FEI-FEI C-D);B-RK;
462;Sarumpaet;Sahat Immanuel;22. 01. 2007;0105/728;sahatimmanuelsarumpaet@gmail.com;de300 (BA-FEI-FEI D-E) - 29.04.2026, 12:00;12:00;29.04.2026;de300 (BA-FEI-FEI D-E);B-API;
463;Savchenko;Vladyslav;13. 11. 2008;0106/728;savchenkovladyslav@kifk.ukr.education;de300 (BA-FEI-FEI D-E) - 29.04.2026, 12:00;12:00;29.04.2026;de300 (BA-FEI-FEI D-E);B-API;
464;Sedlák;Matej;29. 03. 2007;0479/728;matej.sedlak.sk@gmail.com;cd300 (BA-FEI-FEI C-D) - 30.04.2026, 12:00;12:00;30.04.2026;cd300 (BA-FEI-FEI C-D);B-IKT;
465;Séleš;Nikolas;26. 01. 2007;1069/728;niki.seles@gmail.com;bc300 (BA-FEI-FEI B-C) - 30.04.2026, 12:00;12:00;30.04.2026;bc300 (BA-FEI-FEI B-C);B-DT;
466;Semedii;Yuliia;01. 06. 2009;0655/728;yuliia.semedii@kabinet.website;de300 (BA-FEI-FEI D-E) - 29.04.2026, 12:00;12:00;29.04.2026;de300 (BA-FEI-FEI D-E);B-API;
467;Shatrov;Kirill;17. 03. 2006;0480/728;kirill.shatrov@spsehalova.sk;de300 (BA-FEI-FEI D-E) - 29.04.2026, 12:00;12:00;29.04.2026;de300 (BA-FEI-FEI D-E);B-API;
468;Shestakov;Dmitrii;31. 07. 2009;0349/728;dmitriy.shestakov3107@gmail.com;de300 (BA-FEI-FEI D-E) - 29.04.2026, 12:00;12:00;29.04.2026;de300 (BA-FEI-FEI D-E);B-API;
469;Shevchenko;Roman;10. 11. 2006;1275/728;shevchenko.roman3383@gmail.com;bc300 (BA-FEI-FEI B-C) - 30.04.2026, 12:00;12:00;30.04.2026;bc300 (BA-FEI-FEI B-C);B-DT;
470;Shchehlov;Illia;26. 10. 2008;0107/728;illia.shchehlov8@gmail.com;de300 (BA-FEI-FEI D-E) - 29.04.2026, 12:00;12:00;29.04.2026;de300 (BA-FEI-FEI D-E);B-API;
471;Shcherban;Volodymyr;14. 03. 2009;0837/728;kystderevo1@gmail.com;cd300 (BA-FEI-FEI C-D) - 29.04.2026, 14:00;14:00;29.04.2026;cd300 (BA-FEI-FEI C-D);B-RK;
472;Shchupko;Ivan;25. 04. 2008;0627/728;ivan.shchupko@gmail.com;de300 (BA-FEI-FEI D-E) - 29.04.2026, 12:00;12:00;29.04.2026;de300 (BA-FEI-FEI D-E);B-API;
473;Shotskyi;Dmytro;08. 03. 2008;0108/728;dimashotsckiy@gmail.com;de300 (BA-FEI-FEI D-E) - 29.04.2026, 12:00;12:00;29.04.2026;de300 (BA-FEI-FEI D-E);B-API;
474;Shpinai;Nazar;23. 12. 2008;0421/728;nazar.shpinai@kabinet.website;de300 (BA-FEI-FEI D-E) - 29.04.2026, 12:00;12:00;29.04.2026;de300 (BA-FEI-FEI D-E);B-API;
475;Shuvaieva;Anastasiia;25. 03. 2004;0723/728;ruslanovna2503@gmail.com;de300 (BA-FEI-FEI D-E) - 29.04.2026, 12:00;12:00;29.04.2026;de300 (BA-FEI-FEI D-E);B-API;
476;Shyrokyi;Bohdan;14. 04. 2008;0110/728;shyrokyibohdan@gmail.com;de300 (BA-FEI-FEI D-E) - 29.04.2026, 12:00;12:00;29.04.2026;de300 (BA-FEI-FEI D-E);B-API;
477;Siekel;Andrej;02. 04. 2007;0838/728;andrej.siekel@gmail.com;cd300 (BA-FEI-FEI C-D) - 30.04.2026, 12:00;12:00;30.04.2026;cd300 (BA-FEI-FEI C-D);B-IKT;
478;Siváková;Vanesa;04. 03. 2007;1130/728;vanesasivakova2007@gmail.com;de300 (BA-FEI-FEI D-E) - 29.04.2026, 12:00;12:00;29.04.2026;de300 (BA-FEI-FEI D-E);B-API;
479;Skrypachenko;Yurii;06. 12. 2008;0243/728;skrypachenkoyurii@gmail.com;bc300 (BA-FEI-FEI B-C) - 30.04.2026, 12:00;12:00;30.04.2026;bc300 (BA-FEI-FEI B-C);B-DT;
480;Skýpala;Jakub;23. 05. 2007;0481/728;skypala.jakub7@gmail.com;cd300 (BA-FEI-FEI C-D) - 29.04.2026, 14:00;14:00;29.04.2026;cd300 (BA-FEI-FEI C-D);B-RK;
481;Slebodník;Jakub;06. 05. 2007;0111/728;jakubslebodnik7@gmail.com;de300 (BA-FEI-FEI D-E) - 29.04.2026, 12:00;12:00;29.04.2026;de300 (BA-FEI-FEI D-E);B-API;
482;Slovak;Dominik;06. 06. 2007;0628/728;dominikslovakemail@gmail.com;cd300 (BA-FEI-FEI C-D) - 29.04.2026, 12:00;12:00;29.04.2026;cd300 (BA-FEI-FEI C-D);B-API;
483;Smirnov;Maksym;11. 05. 2009;0629/728;maksym.smirnov@kabinet.website;cd300 (BA-FEI-FEI C-D) - 29.04.2026, 14:00;14:00;29.04.2026;cd300 (BA-FEI-FEI C-D);B-RK;
484;Sobčák;Samuel;07. 11. 2006;0592/728;samkosobcak@gmail.com;cd300 (BA-FEI-FEI C-D) - 29.04.2026, 12:00;12:00;29.04.2026;cd300 (BA-FEI-FEI C-D);B-API;
485;Sobol;Savelii;28. 07. 2008;0112/728;saveliisobol@gmail.com;cd300 (BA-FEI-FEI C-D) - 29.04.2026, 12:00;12:00;29.04.2026;cd300 (BA-FEI-FEI C-D);B-API;
486;Soják;Roman;14. 07. 2007;0113/728;romankosojak7@gmail.com;cd300 (BA-FEI-FEI C-D) - 29.04.2026, 12:00;12:00;29.04.2026;cd300 (BA-FEI-FEI C-D);B-API;
487;Sokolova;Viktoriia;11. 08. 2005;1277/728;bldemon2019@gmail.com;cd300 (BA-FEI-FEI C-D) - 29.04.2026, 12:00;12:00;29.04.2026;cd300 (BA-FEI-FEI C-D);B-API;
488;Solymosy;Jozef;23. 07. 2005;1131/728;solymosyj@gmail.com;cd300 (BA-FEI-FEI C-D) - 29.04.2026, 12:00;12:00;29.04.2026;cd300 (BA-FEI-FEI C-D);B-API;
489;Somogyi;Adrián;28. 12. 2006;0630/728;somogyiado222@gmail.com;de300 (BA-FEI-FEI D-E) - 29.04.2026, 14:00;14:00;29.04.2026;de300 (BA-FEI-FEI D-E);B-DT;x
490;Somogyi;Adrián;28. 12. 2006;1132/728;somogyiado222@gmail.com;de300 (BA-FEI-FEI D-E) - 30.04.2026, 12:00;12:00;30.04.2026;de300 (BA-FEI-FEI D-E);B-ESNC;x
491;Soós;Dominik;27. 06. 2006;0724/728;dominiksoos8@gmail.com;cd300 (BA-FEI-FEI C-D) - 29.04.2026, 14:00;14:00;29.04.2026;cd300 (BA-FEI-FEI C-D);B-RK;
492;Soroka;Vladyslav;15. 11. 2007;0482/728;sorokalicej@gmail.com;cd300 (BA-FEI-FEI C-D) - 29.04.2026, 14:00;14:00;29.04.2026;cd300 (BA-FEI-FEI C-D);B-RK;
493;Spiridonov;Vadym;19. 11. 2004;0839/728;vadimspirik2004v@gmail.com;de300 (BA-FEI-FEI D-E) - 30.04.2026, 12:00;12:00;30.04.2026;de300 (BA-FEI-FEI D-E);B-ESNC;
494;Stadtrucker;Peter;08. 03. 2007;0761/728;peter.stadtrucker@gmail.com;cd300 (BA-FEI-FEI C-D) - 29.04.2026, 12:00;12:00;29.04.2026;cd300 (BA-FEI-FEI C-D);B-API;
495;Stemnický;Adam;24. 12. 2006;1133/728;stemnicka@gmail.com;cd300 (BA-FEI-FEI C-D) - 29.04.2026, 14:00;14:00;29.04.2026;cd300 (BA-FEI-FEI C-D);B-RK;
496;Stopjak;Jakub;29. 11. 2006;0513/728;kubo.stopjak@gmail.com;bc300 (BA-FEI-FEI B-C) - 30.04.2026, 12:00;12:00;30.04.2026;bc300 (BA-FEI-FEI B-C);B-DT;
497;Straka;Peter;02. 10. 2006;0114/728;peter.straka2006@gmail.com;cd300 (BA-FEI-FEI C-D) - 29.04.2026, 12:00;12:00;29.04.2026;cd300 (BA-FEI-FEI C-D);B-API;
498;Strelinger;Jonáš Ján;14. 07. 2006;0115/728;jonny.strelinger@gmail.com;cd300 (BA-FEI-FEI C-D) - 29.04.2026, 12:00;12:00;29.04.2026;cd300 (BA-FEI-FEI C-D);B-API;
499;Striuk;Yurii;24. 03. 2009;0594/728;yurii.striuk24@gmail.com;cd300 (BA-FEI-FEI C-D) - 29.04.2026, 14:00;14:00;29.04.2026;cd300 (BA-FEI-FEI C-D);B-RK;
500;Struhár;Alan;30. 03. 2007;0632/728;ali.struhar@gmail.com;cd300 (BA-FEI-FEI C-D) - 29.04.2026, 14:00;14:00;29.04.2026;cd300 (BA-FEI-FEI C-D);B-RK;
501;Stupák;Ján;21. 09. 2006;0116/728;janml@stupak.sk;cd300 (BA-FEI-FEI C-D) - 29.04.2026, 12:00;12:00;29.04.2026;cd300 (BA-FEI-FEI C-D);B-API;
502;Sučanský;Samuel;29. 12. 2006;0117/728;sucanskysamuel@gmail.com;cd300 (BA-FEI-FEI C-D) - 29.04.2026, 12:00;12:00;29.04.2026;cd300 (BA-FEI-FEI C-D);B-API;
503;Suchová;Michaela;15. 08. 1991;0483/728;su.michaela@gmail.com;bc300 (BA-FEI-FEI B-C) - 30.04.2026, 12:00;12:00;30.04.2026;bc300 (BA-FEI-FEI B-C);B-DT;
504;Suránová;Michaela;14. 01. 2007;0484/728;michaela.suranova@centrum.sk;cd300 (BA-FEI-FEI C-D) - 30.04.2026, 12:00;12:00;30.04.2026;cd300 (BA-FEI-FEI C-D);B-IKT;
505;Svitaň;Daniel;23. 08. 2006;0170/728;selfsigned-ash@proton.me;cd300 (BA-FEI-FEI C-D) - 29.04.2026, 14:00;14:00;29.04.2026;cd300 (BA-FEI-FEI C-D);B-RK;
506;Sytko;Tymofii;12. 08. 2008;0485/728;sytko.tymofii@ukr.net;cd300 (BA-FEI-FEI C-D) - 29.04.2026, 14:00;14:00;29.04.2026;cd300 (BA-FEI-FEI C-D);B-RK;
507;Sytnov;Kostiantyn;13. 01. 2009;0726/728;ksitnov09@gmail.com;cd300 (BA-FEI-FEI C-D) - 29.04.2026, 12:00;12:00;29.04.2026;cd300 (BA-FEI-FEI C-D);B-API;
508;Syzon;Oleksandr;14. 12. 2008;0728/728;syzon.oleksandr@leostudy.org;cd300 (BA-FEI-FEI C-D) - 29.04.2026, 14:00;14:00;29.04.2026;cd300 (BA-FEI-FEI C-D);B-RK;
509;Szabó;Samuel;20. 11. 2006;0118/728;samuelszabo777@gmail.com;cd300 (BA-FEI-FEI C-D) - 29.04.2026, 12:00;12:00;29.04.2026;cd300 (BA-FEI-FEI C-D);B-API;
510;Szalay;Victor;07. 01. 2007;0119/728;victor.szalay97@gmail.com;cd300 (BA-FEI-FEI C-D) - 29.04.2026, 12:00;12:00;29.04.2026;cd300 (BA-FEI-FEI C-D);B-API;
511;Szaszák;Martin;28. 07. 2007;1070/728;martin.szaszak@gmail.com;cd300 (BA-FEI-FEI C-D) - 30.04.2026, 12:00;12:00;30.04.2026;cd300 (BA-FEI-FEI C-D);B-IKT;
512;Szőllősi;Kevin;19. 02. 2007;0840/728;szollosi.kevin0001@gmail.com;cd300 (BA-FEI-FEI C-D) - 29.04.2026, 14:00;14:00;29.04.2026;cd300 (BA-FEI-FEI C-D);B-RK;
513;Šályová;Andrea Alžbeta;23. 09. 2006;0120/728;andreasalyova@gmail.com;cd300 (BA-FEI-FEI C-D) - 29.04.2026, 12:00;12:00;29.04.2026;cd300 (BA-FEI-FEI C-D);B-API;
514;Šarkezi;David;06. 12. 1994;0435/728;sarkezidavid2@gmail.com;cd300 (BA-FEI-FEI C-D) - 29.04.2026, 12:00;12:00;29.04.2026;cd300 (BA-FEI-FEI C-D);B-API;
515;Šaro;Martin;07. 07. 2006;0121/728;saromartin43@gmail.com;cd300 (BA-FEI-FEI C-D) - 29.04.2026, 12:00;12:00;29.04.2026;cd300 (BA-FEI-FEI C-D);B-API;
516;Šoltysová;Monika;22. 09. 2006;1135/728;soltysova3monika@gmail.com;bc300 (BA-FEI-FEI B-C) - 30.04.2026, 12:00;12:00;30.04.2026;bc300 (BA-FEI-FEI B-C);B-DT;
517;Špánik;Filip Milan;06. 10. 2006;1136/728;fspanik667@gmail.com;bc300 (BA-FEI-FEI B-C) - 30.04.2026, 12:00;12:00;30.04.2026;bc300 (BA-FEI-FEI B-C);B-DT;
518;Štec;Dominik;11. 07. 2006;1071/728;stecdominik8@gmail.com;bc300 (BA-FEI-FEI B-C) - 30.04.2026, 12:00;12:00;30.04.2026;bc300 (BA-FEI-FEI B-C);B-DT;
519;Štefo;David Kristián;22. 12. 2006;0841/728;stefo.david@gmail.com;cd300 (BA-FEI-FEI C-D) - 29.04.2026, 14:00;14:00;29.04.2026;cd300 (BA-FEI-FEI C-D);B-RK;
520;Štickner;Erik;28. 05. 2002;1001/728;erik.stickner@gmail.com;de300 (BA-FEI-FEI D-E) - 29.04.2026, 14:00;14:00;29.04.2026;de300 (BA-FEI-FEI D-E);B-RK;
521;Šutara;Oliver;21. 01. 2007;1072/728;oliver@sutara.sk;cd300 (BA-FEI-FEI C-D) - 30.04.2026, 12:00;12:00;30.04.2026;cd300 (BA-FEI-FEI C-D);B-IKT;
522;Švagerko;Matúš;08. 09. 2006;0729/728;matus.svagerko@gmail.com;cd300 (BA-FEI-FEI C-D) - 29.04.2026, 12:00;12:00;29.04.2026;cd300 (BA-FEI-FEI C-D);B-API;
523;Švec;Jakub;18. 04. 2007;0730/728;jakub.svec.js@gmail.com;cd300 (BA-FEI-FEI C-D) - 29.04.2026, 12:00;12:00;29.04.2026;cd300 (BA-FEI-FEI C-D);B-API;
524;Švikruha;Patrik;18. 10. 2006;0371/728;patrik.svikruha6@gmail.com;bc300 (BA-FEI-FEI B-C) - 30.04.2026, 12:00;12:00;30.04.2026;bc300 (BA-FEI-FEI B-C);B-DT;
525;Takáč;Daniel;23. 05. 2005;0422/728;daniel@danieltakac.net;cd300 (BA-FEI-FEI C-D) - 29.04.2026, 12:00;12:00;29.04.2026;cd300 (BA-FEI-FEI C-D);B-API;
526;Takáč;Matej;23. 03. 2007;1073/728;takac.matej2@gmail.com;bc300 (BA-FEI-FEI B-C) - 30.04.2026, 12:00;12:00;30.04.2026;bc300 (BA-FEI-FEI B-C);B-DT;
527;Teplanský;Matej;03. 06. 2006;0244/728;matejteplansky@gmail.com;bc300 (BA-FEI-FEI B-C) - 30.04.2026, 12:00;12:00;30.04.2026;bc300 (BA-FEI-FEI B-C);B-DT;
528;Tepličanec;Štefan;06. 04. 2007;1137/728;stefan.teplicanec07@gmail.com;bc300 (BA-FEI-FEI B-C) - 30.04.2026, 12:00;12:00;30.04.2026;bc300 (BA-FEI-FEI B-C);B-DT;
529;Thüringerová;Alžbeta;02. 08. 2007;0595/728;b.thuringerova@gmail.com;bc300 (BA-FEI-FEI B-C) - 30.04.2026, 12:00;12:00;30.04.2026;bc300 (BA-FEI-FEI B-C);B-DT;
530;Thurský;Jakub;12. 07. 2006;1278/728;jthursky@gmail.com;de300 (BA-FEI-FEI D-E) - 29.04.2026, 14:00;14:00;29.04.2026;de300 (BA-FEI-FEI D-E);B-RK;
531;Tisucký;Štefan;22. 03. 2007;0733/728;tisuckys@gmail.com;cd300 (BA-FEI-FEI C-D) - 29.04.2026, 12:00;12:00;29.04.2026;cd300 (BA-FEI-FEI C-D);B-API;
532;Tkáčik;Michal;03. 07. 2003;1074/728;miskotkacik6@gmail.com;cd300 (BA-FEI-FEI C-D) - 29.04.2026, 12:00;12:00;29.04.2026;cd300 (BA-FEI-FEI C-D);B-API;
533;Tkachenko;Kyryl;10. 04. 2009;0123/728;kyryl.tkachenko1@gmail.com;cd300 (BA-FEI-FEI C-D) - 29.04.2026, 12:00;12:00;29.04.2026;cd300 (BA-FEI-FEI C-D);B-API;
534;Tlučko;Daniel;14. 03. 2007;1075/728;dankotlucko@gmail.com;cd300 (BA-FEI-FEI C-D) - 30.04.2026, 12:00;12:00;30.04.2026;cd300 (BA-FEI-FEI C-D);B-IKT;
535;Toba;Artur;22. 07. 2007;0337/728;tobaartur27@gmail.com;cd300 (BA-FEI-FEI C-D) - 29.04.2026, 12:00;12:00;29.04.2026;cd300 (BA-FEI-FEI C-D);B-API;
536;Todorov;Mykola;06. 10. 2006;1138/728;Mykola.Todorov@kabinet.net.ua;cd300 (BA-FEI-FEI C-D) - 29.04.2026, 12:00;12:00;29.04.2026;cd300 (BA-FEI-FEI C-D);B-API;
537;Topalov;Tomáš;29. 08. 2006;0734/728;tomastopalov6@gmail.com;de300 (BA-FEI-FEI D-E) - 29.04.2026, 14:00;14:00;29.04.2026;de300 (BA-FEI-FEI D-E);B-RK;
538;Tóth;Daniel;15. 09. 2007;1076/728;Daniel.toth1122@gmail.com;cd300 (BA-FEI-FEI C-D) - 29.04.2026, 12:00;12:00;29.04.2026;cd300 (BA-FEI-FEI C-D);B-API;
539;Tovarňáková;Gabriela;08. 05. 2007;1279/728;gbrl.tovarnak@gmail.com;cd300 (BA-FEI-FEI C-D) - 29.04.2026, 12:00;12:00;29.04.2026;cd300 (BA-FEI-FEI C-D);B-API;
540;Trizma;Max Jozef;04. 11. 2005;0338/728;maxjozeftrizma@gmail.com;cd300 (BA-FEI-FEI C-D) - 29.04.2026, 12:00;12:00;29.04.2026;cd300 (BA-FEI-FEI C-D);B-API;
541;Trnavský;Alexander;21. 11. 2005;0339/728;alexandertrnavsky@gmail.com;cd300 (BA-FEI-FEI C-D) - 29.04.2026, 12:00;12:00;29.04.2026;cd300 (BA-FEI-FEI C-D);B-API;
542;Trubenok;Denys;09. 05. 2009;0354/728;den2009trubenok@gmail.com;cd300 (BA-FEI-FEI C-D) - 29.04.2026, 12:00;12:00;29.04.2026;cd300 (BA-FEI-FEI C-D);B-API;
543;Tsurkan;Daniil;04. 05. 2008;0843/728;tsurkan.daniil@abiturients.com;de300 (BA-FEI-FEI D-E) - 29.04.2026, 14:00;14:00;29.04.2026;de300 (BA-FEI-FEI D-E);B-RK;
544;Tupý;Timotej;20. 07. 2000;0735/728;timotej441@gmail.com;de300 (BA-FEI-FEI D-E) - 29.04.2026, 14:00;14:00;29.04.2026;de300 (BA-FEI-FEI D-E);B-RK;
545;Turňa;Marek;21. 03. 2006;0247/728;marekturna999@gmail.com;de300 (BA-FEI-FEI D-E) - 29.04.2026, 14:00;14:00;29.04.2026;de300 (BA-FEI-FEI D-E);B-DT;
546;Tyshchenko;Denys;21. 10. 2008;0124/728;tyshchenkodenfit@gmail.com;cd300 (BA-FEI-FEI C-D) - 29.04.2026, 12:00;12:00;29.04.2026;cd300 (BA-FEI-FEI C-D);B-API;
547;Urban;Michal;01. 02. 2006;1002/728;michal.urban724@gmail.com;cd300 (BA-FEI-FEI C-D) - 29.04.2026, 12:00;12:00;29.04.2026;cd300 (BA-FEI-FEI C-D);B-API;
548;Urban;Timotej;29. 01. 2006;0486/728;timotej.urban9@gmail.com;de300 (BA-FEI-FEI D-E) - 29.04.2026, 14:00;14:00;29.04.2026;de300 (BA-FEI-FEI D-E);B-RK;
549;Vacho;Viktor;05. 06. 2006;0736/728;vikinovacho@gmail.com;cd300 (BA-FEI-FEI C-D) - 29.04.2026, 12:00;12:00;29.04.2026;cd300 (BA-FEI-FEI C-D);B-API;
550;Vajda;Tomáš;04. 04. 2007;0202/728;t.vajda223@gmail.com;cd300 (BA-FEI-FEI C-D) - 30.04.2026, 12:00;12:00;30.04.2026;cd300 (BA-FEI-FEI C-D);B-IKT;
551;Valo;Michal;29. 06. 2001;1140/728;mvalowork@gmail.com;bc300 (BA-FEI-FEI B-C) - 30.04.2026, 12:00;12:00;30.04.2026;bc300 (BA-FEI-FEI B-C);B-DT;
552;Valocsay;David;22. 11. 2006;1139/728;david.valocsay@gmail.com;cd300 (BA-FEI-FEI C-D) - 29.04.2026, 12:00;12:00;29.04.2026;cd300 (BA-FEI-FEI C-D);B-API;
553;Vančík;Šimon;31. 05. 2007;0355/728;vanciksimon1@gmail.com;de300 (BA-FEI-FEI D-E) - 29.04.2026, 14:00;14:00;29.04.2026;de300 (BA-FEI-FEI D-E);B-RK;
554;Váradyová;Eva Mária;11. 12. 2002;0597/728;evama225@gmail.com;cd300 (BA-FEI-FEI C-D) - 30.04.2026, 12:00;12:00;30.04.2026;cd300 (BA-FEI-FEI C-D);B-IKT;
555;Varecha;Peter;31. 08. 2007;0844/728;bielycernoch31@gmail.com;cd300 (BA-FEI-FEI C-D) - 30.04.2026, 12:00;12:00;30.04.2026;cd300 (BA-FEI-FEI C-D);B-IKT;
556;Varga;Ján;12. 01. 2007;0340/728;j.varga000@gmail.com;cd300 (BA-FEI-FEI C-D) - 29.04.2026, 12:00;12:00;29.04.2026;cd300 (BA-FEI-FEI C-D);B-API;
557;Varcholová;Jana;29. 04. 2007;0125/728;janavarcholova9@gmail.com;cd300 (BA-FEI-FEI C-D) - 29.04.2026, 12:00;12:00;29.04.2026;cd300 (BA-FEI-FEI C-D);B-API;
558;Varivová;Sandra;15. 04. 2007;0248/728;sandravarivova@gmail.com;bc300 (BA-FEI-FEI B-C) - 30.04.2026, 12:00;12:00;30.04.2026;bc300 (BA-FEI-FEI B-C);B-DT;
559;Váry;Vojtech;07. 03. 2006;0424/728;vovo.vary@gmail.com;cd300 (BA-FEI-FEI C-D) - 29.04.2026, 12:00;12:00;29.04.2026;cd300 (BA-FEI-FEI C-D);B-API;
560;Vash;Mark;28. 06. 2009;1077/728;vvmak104@gmail.com;bc300 (BA-FEI-FEI B-C) - 30.04.2026, 12:00;12:00;30.04.2026;bc300 (BA-FEI-FEI B-C);B-DT;
561;Vasilchenko;Semen;15. 04. 2004;0487/728;vasilchenko.semens@gmail.com;de300 (BA-FEI-FEI D-E) - 29.04.2026, 14:00;14:00;29.04.2026;de300 (BA-FEI-FEI D-E);B-RK;
562;Vaštík;Tomáš;07. 08. 2006;0762/728;tomasvastik069@gmail.com;cd300 (BA-FEI-FEI C-D) - 29.04.2026, 12:00;12:00;29.04.2026;cd300 (BA-FEI-FEI C-D);B-API;
563;Vavriňák;Emil;18. 05. 2007;0737/728;emo.vavrinak@gmail.com;cd300 (BA-FEI-FEI C-D) - 29.04.2026, 12:00;12:00;29.04.2026;cd300 (BA-FEI-FEI C-D);B-API;
564;Vavrová;Michaela;11. 08. 2005;0488/728;vavrova.mic@gmail.com;cd300 (BA-FEI-FEI C-D) - 29.04.2026, 12:00;12:00;29.04.2026;cd300 (BA-FEI-FEI C-D);B-API;
565;Veňarský;Benjamín;13. 06. 2007;0739/728;bve357@gmail.com;cd300 (BA-FEI-FEI C-D) - 29.04.2026, 12:00;12:00;29.04.2026;cd300 (BA-FEI-FEI C-D);B-API;
566;Venjarski;Danijel;23. 05. 2007;0173/728;danijel.venjarski@gmail.com;de300 (BA-FEI-FEI D-E) - 29.04.2026, 14:00;14:00;29.04.2026;de300 (BA-FEI-FEI D-E);B-RK;
567;Vereš;Filip;03. 05. 2007;0216/728;filipveres007@gmail.com;de300 (BA-FEI-FEI D-E) - 30.04.2026, 12:00;12:00;30.04.2026;de300 (BA-FEI-FEI D-E);B-ESNC;
568;Veselý;Marek;14. 11. 2005;0489/728;majky1411@gmail.com;cd300 (BA-FEI-FEI C-D) - 29.04.2026, 12:00;12:00;29.04.2026;cd300 (BA-FEI-FEI C-D);B-API;
569;Vidová;Nina;05. 04. 2007;0490/728;vidovanina@gmail.com;cd300 (BA-FEI-FEI C-D) - 30.04.2026, 12:00;12:00;30.04.2026;cd300 (BA-FEI-FEI C-D);B-IKT;
570;Vigoda;Jakub;28. 01. 2007;1280/728;vigoda.jakub@gmail.com;cd300 (BA-FEI-FEI C-D) - 29.04.2026, 12:00;12:00;29.04.2026;cd300 (BA-FEI-FEI C-D);B-API;
571;Vita;Simon;13. 08. 2006;1282/728;vita.simon.zs@gmail.com;cd300 (BA-FEI-FEI C-D) - 29.04.2026, 12:00;12:00;29.04.2026;cd300 (BA-FEI-FEI C-D);B-API;
572;Vivodík;Patrik;07. 02. 2007;0126/728;vivodikpatrik2@gmail.com;cd300 (BA-FEI-FEI C-D) - 29.04.2026, 12:00;12:00;29.04.2026;cd300 (BA-FEI-FEI C-D);B-API;
573;Vozniuk;Anastasiia;23. 01. 2009;0740/728;vozniukanastasiia0101@gmail.com;de300 (BA-FEI-FEI D-E) - 29.04.2026, 14:00;14:00;29.04.2026;de300 (BA-FEI-FEI D-E);B-RK;
574;Vyšný;Alex;13. 09. 2006;0127/728;alex.vysny@gmail.com;cd300 (BA-FEI-FEI C-D) - 29.04.2026, 12:00;12:00;29.04.2026;cd300 (BA-FEI-FEI C-D);B-API;
575;Wágnerová;Dáša;12. 07. 2005;1078/728;dasa.wagnerova@gmail.com;cd300 (BA-FEI-FEI C-D) - 29.04.2026, 12:00;12:00;29.04.2026;cd300 (BA-FEI-FEI C-D);B-API;
576;Yakovenko;Danylo;06. 03. 2007;0174/728;yakodan2007@gmail.com;de300 (BA-FEI-FEI D-E) - 29.04.2026, 14:00;14:00;29.04.2026;de300 (BA-FEI-FEI D-E);B-RK;
577;Yashenkina;Olga;11. 10. 2007;0846/728;olgaasenkina@gmail.com;de300 (BA-FEI-FEI D-E) - 30.04.2026, 12:00;12:00;30.04.2026;de300 (BA-FEI-FEI D-E);B-ESNC;
578;Yukhnovets;Tymur;31. 01. 2009;1003/728;yukhnovets.tymur@leostudy.org;cd300 (BA-FEI-FEI C-D) - 29.04.2026, 12:00;12:00;29.04.2026;cd300 (BA-FEI-FEI C-D);B-API;
579;Zadyrko;Vladyslav;01. 04. 2009;0175/728;vladyslavzadyrkostudy@gmail.com;de300 (BA-FEI-FEI D-E) - 29.04.2026, 14:00;14:00;29.04.2026;de300 (BA-FEI-FEI D-E);B-RK;
580;Zagrapan;Pavol;22. 07. 2007;1141/728;pavolzagrapan12@gmail.com;cd300 (BA-FEI-FEI C-D) - 29.04.2026, 12:00;12:00;29.04.2026;cd300 (BA-FEI-FEI C-D);B-API;
581;Záhora;Peter;25. 04. 2006;0524/728;peter.zahora@proton.me;de300 (BA-FEI-FEI D-E) - 29.04.2026, 14:00;14:00;29.04.2026;de300 (BA-FEI-FEI D-E);B-RK;x
582;Záhora;Peter;25. 04. 2006;0525/728;peter.zahora@proton.me;de300 (BA-FEI-FEI D-E) - 30.04.2026, 12:00;12:00;30.04.2026;de300 (BA-FEI-FEI D-E);B-ESNC;x
583;Zaitsev;Oleksii;29. 09. 2009;0129/728;oleksijzajcev35@gmail.com;cd300 (BA-FEI-FEI C-D) - 29.04.2026, 12:00;12:00;29.04.2026;cd300 (BA-FEI-FEI C-D);B-API;
584;Zakharov;Tymofii;06. 02. 2009;0741/728;zakharov.tymofii@abiturients.com;de300 (BA-FEI-FEI D-E) - 29.04.2026, 14:00;14:00;29.04.2026;de300 (BA-FEI-FEI D-E);B-RK;
585;Zaplatin;Fedor;30. 01. 2007;0598/728;mail.suppor001@gmail.com;bc300 (BA-FEI-FEI B-C) - 29.04.2026, 10:00;10:00;29.04.2026;bc300 (BA-FEI-FEI B-C);B-API;
586;Zaťko;Matúš;02. 08. 2006;0130/728;zatkomatus8@gmail.com;cd300 (BA-FEI-FEI C-D) - 29.04.2026, 10:00;10:00;29.04.2026;cd300 (BA-FEI-FEI C-D);B-API;
587;Zavhorodnii;Leonid;18. 08. 2008;0436/728;sydelnykov.se.mes@gmail.com;bc300 (BA-FEI-FEI B-C) - 30.04.2026, 12:00;12:00;30.04.2026;bc300 (BA-FEI-FEI B-C);B-DT;
588;Zeleňák;Jakub Benjamín;27. 08. 2005;0847/728;jzelenak40@gmail.com;cd300 (BA-FEI-FEI C-D) - 29.04.2026, 10:00;10:00;29.04.2026;cd300 (BA-FEI-FEI C-D);B-API;
589;Zimová;Natália;02. 06. 2007;0176/728;taliazimova@gmail.com;de300 (BA-FEI-FEI D-E) - 29.04.2026, 14:00;14:00;29.04.2026;de300 (BA-FEI-FEI D-E);B-RK;
590;Zinenko;Roman;12. 10. 2009;0599/728;roman.zinenko@kabinet.net.ua;cd300 (BA-FEI-FEI C-D) - 30.04.2026, 12:00;12:00;30.04.2026;cd300 (BA-FEI-FEI C-D);B-IKT;
591;Zsírosová;Viktória;13. 10. 2006;0132/728;viktoria.zsirosova06@gmail.com;bc300 (BA-FEI-FEI B-C) - 29.04.2026, 12:00;12:00;29.04.2026;bc300 (BA-FEI-FEI B-C);B-API;
592;Zumrík;Timotej Philip;14. 07. 2005;1143/728;timkophilipzumrik@gmail.com;cd300 (BA-FEI-FEI C-D) - 29.04.2026, 12:00;12:00;29.04.2026;cd300 (BA-FEI-FEI C-D);B-API;
593;Zverko;Oliver;02. 06. 2006;0600/728;zverko.oliver@gmail.com;de300 (BA-FEI-FEI D-E) - 29.04.2026, 14:00;14:00;29.04.2026;de300 (BA-FEI-FEI D-E);B-RK;
594;Želiezka;Peter;23. 08. 2006;0133/728;peterzeliezka287@gmail.com;cd300 (BA-FEI-FEI C-D) - 29.04.2026, 12:00;12:00;29.04.2026;cd300 (BA-FEI-FEI C-D);B-API;
595;Žovinec;Jakub;04. 12. 2005;0177/728;jzovinec2005@gmail.com;de300 (BA-FEI-FEI D-E) - 29.04.2026, 14:00;14:00;29.04.2026;de300 (BA-FEI-FEI D-E);B-RK;
